-- phpMyAdmin SQL Dump
-- version 4.9.4
-- https://www.phpmyadmin.net/
--
-- Host: localhost:3306
-- Generation Time: Mar 05, 2020 at 04:43 PM
-- Server version: 10.3.22-MariaDB-cll-lve
-- PHP Version: 7.3.6

SET SQL_MODE = "NO_AUTO_VALUE_ON_ZERO";
SET AUTOCOMMIT = 0;
START TRANSACTION;
SET time_zone = "+00:00";


/*!40101 SET @OLD_CHARACTER_SET_CLIENT=@@CHARACTER_SET_CLIENT */;
/*!40101 SET @OLD_CHARACTER_SET_RESULTS=@@CHARACTER_SET_RESULTS */;
/*!40101 SET @OLD_COLLATION_CONNECTION=@@COLLATION_CONNECTION */;
/*!40101 SET NAMES utf8mb4 */;

--
-- Database: `ifupnjatimac_belmawa`
--

-- --------------------------------------------------------

--
-- Table structure for table `dosen`
--

CREATE TABLE `dosen` (
  `NPT` varchar(20) NOT NULL,
  `KD_PROGDI` varchar(10) DEFAULT NULL,
  `NM_DOSEN` varchar(50) DEFAULT NULL
) ENGINE=MyISAM DEFAULT CHARSET=utf8;

--
-- Dumping data for table `dosen`
--

INSERT INTO `dosen` (`NPT`, `KD_PROGDI`, `NM_DOSEN`) VALUES
('0001026909', 'K00011', 'Dr. NURHADI MSi'),
('0001036106', 'K00006', 'Ir NURUL WIDJI TRIANA M.T'),
('0001046013', 'K00015', 'Ir MUNAWAR ALI'),
('0001056209', 'K00015', 'Ir TUHU AGUNG RACHMANTO M.T'),
('0001056801', 'K00004', 'Drs TAUFIQ M.M.'),
('0001056814', 'K00011', 'Dra ETY DWI SUSANTI MSi'),
('0001086018', 'K00006', 'Ir TITI SUSILOWATI MT'),
('0001126315', 'K00018', 'Ir SISWANTO M.T'),
('0001128404', 'K00013', 'WIWIK DWI SUSANTI S.T, M.T'),
('0002046112', 'K00003', 'Drs MUNARI MM'),
('0002106605', 'K00018', 'Dr. Ir SRI WIYATININGSIH, MP'),
('0002126108', 'K00018', 'Ir DIDIK UTOMO PRIBADI MP'),
('0003016609', 'K00011', 'Dr. Dra DIANA HERTATI M.Si'),
('0003057601', 'K00007', 'SUSENO BUDI PRASETYO'),
('0003065707', 'K00004', 'Dr SRI MULYANINGSIH MP'),
('0003076308', 'K00018', 'Dr. Ir KETUT SRIE MARHAENI JULYASIH M.Si'),
('0003095307', 'K00008', 'Ir MURTININGSIH'),
('0003115203', 'K00008', 'Ir SUDARYATI M.P'),
('0004016114', 'K00004', 'Drs ARIEF BAHTIAR MSi'),
('0004026708', 'K00003', 'Dra ERNA SULISTYOWATI M.M.'),
('0004055104', 'K00019', 'SUBANI SH MSi'),
('0004055306', 'K00007', 'Drs. PAILAN'),
('0004086017', 'K00005', 'Dr PRASETYO HADI MM'),
('0004107207', 'K00005', 'RIZKY DERMAWAN S.E., M.M.'),
('0005016013', 'K00014', 'Ir SITI ZAINAB MT'),
('0005036311', 'K00006', 'Ir CAECILIA PUDJIASTUTI M.T'),
('0005096106', 'K00008', 'Ir RUDI NURISMANTO M.Si'),
('0005105814', 'K00006', 'Ir LUCKY INDRATI UTAMI M.T'),
('0005106313', 'K00018', 'Dr Ir BAKTI WISNU WIDJAJANI MP'),
('0005115708', 'K00015', 'Ir DEWA GEDE OKAYADNYA WIJAYA MS'),
('0006016208', 'K00017', 'Ir SRI WIDAYANTI M.P'),
('0006046703', 'K00011', 'Dra SRI WIBAWANI MSi'),
('0006066113', 'K00018', 'Ir YONNY KOENTJORO MM'),
('0006118501', 'K00016', 'ARIS SUTEJO'),
('0007016604', 'K00009', 'Dra DYVA CLARETTA MSi'),
('0007085108', 'K00003', 'Drs SJAFI I MM'),
('0007096508', 'K00005', 'Dr MUHADJIR ANWAR S.E., M.M.'),
('0007118501', 'K00009', 'HEIDY ARVIANI S.Sos, M.A'),
('0008016806', 'K00005', 'SUGENG PURWANTO SE, MM'),
('0008026509', 'K00004', 'Dr. Dra RIRIT IRIANI S ME. Ak'),
('0008026909', 'K00014', 'Dr MINARNI NUR TRILITA MT'),
('0008065407', 'K00017', 'Dr. Ir ZAINAL ABIDIN'),
('0008076302', 'K00008', 'Dr. Ir. SRI Winarti, MP. '),
('0008095505', 'K00013', 'Ir LILY SYAHRIAL MT'),
('0008126309', 'K00018', 'Dr. Ir. WANTI MINDARI, MP'),
('0009025705', 'K00007', 'Ir HANDOYO M.T'),
('0009055808', 'K00004', 'Dr. Dra MUCHTOLIFAH M.M., M.P'),
('0009056605', 'K00018', 'Dr. Ir TRI MUJOKO M.P'),
('0009075908', 'K00018', 'Dr Ir JULI SANTOSO MP'),
('0009086605', 'K00006', 'Ir ATIK WIDIATI MT'),
('0010026904', 'K00011', 'Dra SUSI HARDJATI M.AP'),
('0010048001', 'K00006', 'ERWAN ADI SAPUTRO ST.MT.'),
('0010075909', 'K00006', 'Ir ISNI UTAMI MT'),
('0010086011', 'K00004', 'Drs WIWIN PRIANA PRIMADHANA MT'),
('0010096507', 'K00015', 'Drs IMAM GHOZALI'),
('0011025908', 'K00017', 'Ir SRI TJONDRO WINARNO M.M.'),
('0011048901', 'K00009', 'RIRIN PUSPITA TUTIASRI S.I.Kom, M.Med.Kom'),
('0011066407', 'K00006', 'Ir LULUK EDAHWATI MT'),
('0011106112', 'K00003', 'Dr. Hero Priono, M.Si., Ak., CA'),
('0011106708', 'K00003', 'Dra SARI ANDAYANI MM'),
('0012056406', 'K00005', 'Drs HERRY ARIANTO LESTARI WIBOWO MM'),
('0012058403', 'K00016', 'MASNUNA S.T, M.Sn'),
('001206208', 'K00003', 'Drs MUSLIMIN M.Si'),
('0012086307', 'K00003', 'Dra SITI SUNDARI MSi'),
('0012096218', 'K00006', 'Ir NUR HAPSARI MT'),
('0012116111', 'K00006', 'Ir SRIE MULJANI MT'),
('0012125414', 'K00006', 'Ir SISWANTO'),
('0012126033', 'K00019', 'SUTRISNO SH, MHum'),
('0013025606', 'K00008', 'Ir ENNY KARTI BASUKI S MP'),
('0013026704', 'K00003', 'Dra RR DYAH RATNAWATI H MM'),
('0013046014', 'K00011', 'Drs ANANTA PRATHAMA M.Si'),
('0013065812', 'K00006', 'Ir SISWANTO M.S'),
('0013067211', 'K00011', 'R YUNIARDI RUSDIANTO'),
('0013107411', 'K00009', 'SSos YUDIANA INDRIASTUTI MSi'),
('0014045711', 'K00006', 'Ir LAURENTIUS URIP WIDODO M.T'),
('0015026411', 'K00011', 'SSos SUSI HARIYAWATI MSi'),
('0015055708', 'K00017', 'Dr. Ir. ENDANG YEKTININGSIH M.P'),
('0016015603', 'K00005', 'Drs SUMARTO'),
('0016016809', 'K00011', 'Dr. Dra ERTIEN RINING NAWANGSARI M.Si'),
('0016056506', 'K00018', 'Ir. PANCADEWI SUKARYORINI MT.'),
('0016056607', 'K00005', 'Dra MEI RETNO ADIWATY M.Si'),
('0017034504', 'K00020', 'SLAMET SRIJONO'),
('0018016210', 'K00006', 'Ir KETUT SUMADA M.S'),
('0018036209', 'K00007', 'Ir JOUMIL AIDIL SAIFUDDIN MT'),
('0018115810', 'K00017', 'Ir INDRA TJAHAJA AMIR TM MP'),
('0019018702', 'K00016', 'AILEENA SOLICITOR COSTA RICA EL CHIDTIAN S.T, M.Ds'),
('0019036410', 'K00003', 'Dra ENDAH SUSILOWATI'),
('0019036710', 'K00018', 'ROSSYDA PRIYADARSHINI'),
('0019067008', 'K00001', 'Dr. I GEDE SUSRAMA MAS DIYASA S.T, M.T'),
('0019076213', 'K00018', 'Ir PURWADI'),
('0019076214', 'K00008', 'RATNA YULISTIANI'),
('0019095302', 'K00014', 'IR MADE DHARMA ASTAWA MT'),
('0019106208', 'K00013', 'Ir SYAIFUDDIN ZUHRI MT'),
('0020026306', 'K00004', 'SUWARNO S.E., M.E'),
('0020028601', 'K00012', 'ADIASTRI PUTRI PURBANTINA S.IP, M.Si'),
('0020036108', 'K00018', 'Dr. Ir PANGESTI NUGRAHANI, M.Si.'),
('0020046307', 'K00005', 'TRI KARTIKA PERTIWI Dra'),
('0020055919', 'K00006', 'Ir DWI HERRY ASTUTI MT'),
('0020066001', 'K00018', 'Ir IDA RETNO MOELJANI M.P'),
('0020075712', 'K00017', 'Dr. Ir PAWANA NUR INDAH'),
('0020098901', 'K00016', 'WIDYASARI'),
('0020116213', 'K00006', 'Ir SUSILOWATI M.T'),
('0021066609', 'K00006', 'Ir SINTA SORAYA SANTI MT'),
('0022046505', 'K00018', 'Dr. Ir ARIKA PURNAWATI M.P'),
('0022076706', 'K00013', 'Ir SRI SURYANI MT'),
('0023036112', 'K00011', 'SSos TUKIMAN MAP'),
('0023036216', 'K00009', 'Dra SUMARDJIJATI M.Si'),
('0023056508', 'K00018', 'Dr. Ir MOCH. ARIFIN M.T'),
('0023066604', 'K00018', 'Dr. Ir MAKHZIAH M.P'),
('0023076907', 'K00001', 'Dr. BASUKI RAHMAT S.Si, M.T'),
('0024015804', 'K00013', 'Ir NINIEK ANGGRAINI MT'),
('0024046212', 'K00018', 'Ir SUPAMRIH M.M.'),
('0024056313', 'K00003', 'Drs TAMADOY THAMRIN MM'),
('0024085906', 'K00018', 'Dr R A NORA AUGUSTIEN K MP'),
('0024096004', 'K00011', 'Dra LIA NIRAWATI MSi'),
('0024118503', 'K00002', 'AGUNG BRASTAMA S.Kom, M.Kom'),
('0025016309', 'K00007', 'Ir NISA MASRUROH MT'),
('0025048602', 'K00001', 'YISTI VITA VIA, S.ST, M.Kom'),
('0025065803', 'K00007', 'Ir DIDI SUMANHUDI MMT'),
('0025066210', 'K00019', 'HARYO SULISTIYANTORO SH., MM.'),
('0025095913', 'K00018', 'Ir KEMAL WIJAYA M.T'),
('0025118203', 'K00002', 'PRISA MARGA KUSUMANTARA S.Kom, M.Cs'),
('0025126407', 'K00009', 'Dra HERLINA SUKMAWATI MSi'),
('0026056008', 'K00018', 'Dr.Ir. PENTA SURYAMINARSIH MP.'),
('0026078101', 'K00007', 'DWI SUKMA DONORIYANTO ST MT'),
('0026096608', 'K00019', 'PANGGUNG HANDOKO S.Sos, SH, MM.'),
('0028065909', 'K00017', 'Ir SIGIT DWI NUGROHO M.Si'),
('0028066204', 'K00018', 'Ir WIWIK SRI HARIJANI MP'),
('0028075911', 'K00015', 'Ir YULIATIN ALI SYAMSIAH M.M.'),
('0028085817', 'K00007', 'Ir ERLINA PURNAMAWATY M.T'),
('0028126019', 'K00007', 'Ir ENDANG PUDJI WIDJAJATI MMT'),
('0029035907', 'K00005', 'Dr. Drs EKO PURWANTO M.M.'),
('0029066408', 'K00011', 'Dra SITI NING FARIDA M.Si'),
('0029106105', 'K00007', 'Ir RR ROCHMOEJATI MMT'),
('0029106506', 'K00018', 'FELICITAS DERU DEWANTI S.P, M.P'),
('0030077102', 'K00009', 'YULI CANDRASARI MSi'),
('0031086110', 'K00003', 'Dra Ec ANIK YULIATI M.Aks'),
('0031126183', 'K00018', 'Dr. Dra SUTINI MPd'),
('0606035701', 'K00007', 'Ir YUSTINA NGATILAH MT'),
('0701015801', 'K00018', 'Ir SETYO BUDI SANTOSO MP'),
('0701016201', 'K00008', 'Ir. SRI DJAJATI M.Pd.'),
('0701028001', 'K00003', 'TANTINA HARYATI S.E., M.Ak.'),
('0701036702', 'K00004', 'Dr. Dra IGNATIA MARTHA HENDRATI M.E'),
('0701055701', 'K00003', 'Drs EKO RIADI M.AKs'),
('0701066001', 'K00015', 'Ir YAYOK SURYO PURNOMO MS'),
('0701066102', 'K00014', 'Dr. Drs SUKIRMIYADI M.Pd'),
('0701075901', 'K00005', 'Dr. Drs.Ec. GENDUT SUKARNO MS.,CHRA.'),
('0701085802', 'K00006', 'Ir NOVEL KARAMAN MT'),
('0701088603', 'K00012', 'SARAH ANABARJA S.IP, M.I.P'),
('0701117001', 'K00011', 'Dr JOJOK DWIRIDO TJAHJONO MSi'),
('0701128305', 'K00009', 'AHMAD ZAMZAMY'),
('0702067802', 'K00007', 'Dr DIRA ERNAWATI S.T, M.T'),
('0702068002', 'K00001', 'INTAN YUNIAR PURBASARI, S.Kom, M.Sc.'),
('0702116402', 'K00011', 'Dr LUKMAN ARIF MSi'),
('0702126302', 'K00018', 'Ir HADI SUHARDJONO M.T'),
('0703016202', 'K00005', 'AGOENG SOEPRIJONO M.M.'),
('0703026101', 'K00018', 'drh WILUJENG WIDAJATI MP'),
('0703027901', 'K00007', 'FARIDA PULANSARI S.T, M.T'),
('0703033901', 'K00015', 'AKDJAB DARMOREDJO'),
('0703046501', 'K00008', 'Dra JARIYAH M.P'),
('0703102601', 'K00004', 'SUDARYO P'),
('0703125001', 'K00018', 'BAMBANG PRIYANTO'),
('0703126403', 'K00018', 'Dra ENDANG TRI WAHYU PRASETYAWATI MSi'),
('0704056001', 'K00006', 'Ir MUTASIM BILLAH MS'),
('0704057102', 'K00001', 'SUNARTO S.Kom'),
('0704128304', 'K00016', 'ARYO BAYU WIBISONO S.T, M.Med.Kom'),
('0705016005', 'K00017', 'Dr.Ir. SUDIYARTO MMA'),
('0705026201', 'K00018', 'Dr. Ir. RAMDAN HIDAYAT MS'),
('0705028202', 'K00019', 'FAUZUL ALIWARMAN SHI., M.Hum.'),
('0705105101', 'K00011', 'Drs PUDJO ADI M.Si'),
('0705116902', 'K00013', 'Ir AMI ARFIANTI M.T'),
('0705125601', 'K00007', 'Ir BUDI SANTOSO MMT'),
('0706015501', 'K00018', 'Dr. Ir. INDRIYA RADIYANTO MS'),
('0706046301', 'K00007', 'MOCHAMMAD TUTUK SAFIRIN'),
('0706088207', 'K00020', 'MARISA PROBO HAPSARI'),
('0706118604', 'K00012', 'MEGAHNANDA ALIDYAN KRESNAWATI'),
('0707024701', 'K00018', 'Dr Ir MOCHAMMAD SODIQ'),
('0707035701', 'K00008', 'Ir LATIFAH MS'),
('0707054701', 'K00018', 'Dr Ir HARI BOWO MS'),
('0707074901', 'K00004', 'Ir SUTOYO MM'),
('0707096303', 'K00009', 'Dra DIANA AMALIA M.Si'),
('0707097901', 'K00014', 'SUMAIDI S.T, M.T'),
('0707098003', 'K00001', 'BUDI NUGROHO S.Kom, M.Kom'),
('0707105301', 'K00018', 'Ir SRI RAHAYUNINGTIAS MP'),
('0707127303', 'K00013', 'MOHAMMAD PRANOTO S.T, M.T'),
('0708016202', 'K00005', 'Dra ENDANG IRYANTI M.M.'),
('0708018501', 'K00009', 'ADE KUSUMA S.Sos, M.Med.Kom'),
('0708027101', 'K00013', 'HERU SUBIYANTORO ST MT'),
('0708027602', 'K00009', 'IRWAN DWI ARIANTO, S.Sos, M.I.Kom'),
('0708055501', 'K00018', 'Ir. SUWANDI MP.'),
('0708056303', 'K00006', 'Ir SUPRIHATIN MT'),
('0708063801', 'K00020', 'TJOKORDA GEDE D S.H.'),
('0708077502', 'K00019', 'WIWIN YULIANINGSIH SH., MKn'),
('0708087101', 'K00011', 'Dr. AGUS WIDIYARTA S.Sos, M.Si'),
('0708104701', 'K00004', 'MUHAMMAD ROFIK DIMYATIE'),
('0708105801', 'K00004', 'Dr DJOHAN MASHUDI MS'),
('0708126501', 'K00014', 'Ir. HENDRATA WIBISANA MT.'),
('0708128403', 'K00001', 'RONGGO ALIT, S.KOM, MM,. MT'),
('0709024201', 'K00020', 'MACHMUD TADJIR'),
('0709028701', 'K00012', 'PRIHANDONO WIBOWO'),
('0709047501', 'K00015', 'FIRRA ROSARIAWARI ST MT'),
('0709055402', 'K00005', 'ALI MASKUN S.E., M.S'),
('0709106302', 'K00005', 'Dra NURUNI IKA KUSUMA WARDANI MM'),
('0709116503', 'K00002', 'Prof. Dr. Ir AKHMAD FAUZI, M.MT'),
('0709118502', 'K00020', 'AAN FARIANTO S.Kom'),
('0710086404', 'K00018', 'Ir SUKARTININGRUM MP'),
('0710103803', 'K00019', 'Drs WARSITO M.M.'),
('0710104601', 'K00020', 'DJOKO POERNOMO'),
('0710116102', 'K00001', 'Ir KARTINI M.T'),
('0710117803', 'K00001', 'ACHMAD JUNAIDI S.Kom'),
('0711028201', 'K00001', 'FETTY TRI ANGGRAENY, S.KOM,. M.KOM'),
('0711046601', 'K00013', 'Ir EVA ELVIANA MT'),
('0711066202', 'K00018', 'Ir. NUGROHORINI MP.'),
('0711075802', 'K00006', 'Ir. BAMBANG WAHYUDI MS'),
('0711126102', 'K00005', 'AGUS S'),
('0711128902', 'K00001', 'MOCHAMMAD SYAHRUL MUNIR'),
('0712016001', 'K00006', 'Ir RETNO DEWATI MT'),
('0712016501', 'K00007', 'Ir AKMAL SYURYADI MT'),
('0712027603', 'K00015', 'MOHAMMAD MIRWAN S.T, M.T'),
('0712034201', 'K00003', 'Dr SOEPARLAN PRANOTO Ak MM'),
('0712035401', 'K00003', 'SUMARSONO'),
('0712046303', 'K00006', 'Ir SANI MT'),
('0712067001', 'K00009', 'Drs. SAIFUDDIN ZUHRI M.Si'),
('0712068001', 'K00005', 'DEWI KHRISNA SAWITRI S.S., M.Si'),
('0712075301', 'K00006', 'Ir TATIEK SRI HARJATI MT'),
('0712076104', 'K00005', 'Dra SITI AMINAH MM'),
('0712076202', 'K00017', 'Ir NURIAH YULIATI MP'),
('0712085903', 'K00015', 'Dr, Ir RUDI LAKSMONO W MT'),
('0712105001', 'K00005', 'Dra NUR MAHMUDAH MS'),
('0712116402', 'K00018', 'Ir. AGUS SULISTYONO MP.'),
('0712125402', 'K00001', 'R HEROE SISWOJO'),
('0713016901', 'K00005', 'WIWIK HANDAYANI SE MSi'),
('0713065201', 'K00017', 'Ir EFFI DAMAIJATI MS'),
('0713076003', 'K00006', 'Ir SUTIYONO M.T'),
('0713108402', 'K00005', 'Dr. HESTY PRIMA RINI, SE., MM.'),
('0713126001', 'K00007', 'Ir SUMIATI MT'),
('0714016601', 'K00018', 'Dr Ir YENNY WURYANDARI MP'),
('0714025701', 'K00017', 'Dr Ir EKO NURHADI MS'),
('0714028703', 'K00001', 'SUGIARTO, S.Kom,. M.Kom'),
('0714035701', 'K00006', 'Dr. Ir. SRI REDJEKI M.T'),
('0714066002', 'K00003', 'R SJARIEF HIDAJAT S.E.'),
('0714076402', 'K00018', 'Ir PURNOMO EDI SASONGKO MP'),
('0714086502', 'K00005', 'Dra Ec NURJANTI TAKARINI MSi'),
('0714086503', 'K00003', 'Dra. DIAH HARI SURYANINGRUM M.Si'),
('0714087802', 'K00019', 'EKO WAHYUDI S.H., M.H'),
('0714116201', 'K00017', 'Ir MUBAROKAH MT'),
('0714116702', 'K00014', 'NOVIE HANDAJANI ST, MT'),
('0715055001', 'K00006', 'I WAYAN WARSA'),
('0715066502', 'K00013', 'Ir ERWIN DJUNI WINARTO M.T'),
('0715078401', 'K00005', 'RESI PERMANASARI SE MSc'),
('0715084301', 'K00011', 'KHOLIL MANSYUR'),
('0715087802', 'K00020', 'AGUS HERMANTO S.Kom'),
('0715126802', 'K00003', 'Dr. Dwi Suhartini, M.Aks'),
('0716016104', 'K00019', 'Drs AGUS MASRUHIN M.M.'),
('0716026901', 'K00003', 'RINA MOESTIKA SETYANINGRUM SE MM'),
('0716035502', 'K00005', 'Dra Ec MALICHA'),
('0716056301', 'K00008', 'Ir ULYA SAROFA MM'),
('0716066201', 'K00005', 'Dra SULASTRI IRBAYUNI MM'),
('0716075801', 'K00018', 'Ir GUNIARTI M.M.'),
('0716086202', 'K00018', 'Ir. WIWIN WINDRIYANTI D MP.'),
('0716106202', 'K00011', 'BUDI PRABOWO SSos MM'),
('0716124602', 'K00018', 'CHOLID RIDHO'),
('0716128001', 'K00004', 'SISHADIYATI S.E., M.M.'),
('0717017501', 'K00014', 'Ir NUGROHO UTOMO ST MT'),
('0717025601', 'K00005', 'Dra.Ec LUKY SUSILOWATI MP'),
('0717027301', 'K00002', 'DR. ASTI DWI IRFIANTI S.Kom, M.Kom'),
('0717037003', 'K00014', 'ST I NYOMAN DITA PAHANG PUTRA MT'),
('0717037901', 'K00002', 'NURCAHYO WIBOWO S.Kom, M.Kom'),
('0717074902', 'K00019', 'MUHAMMAD IBNU HAJAR'),
('0717075704', 'K00007', 'Ir SUNARDI M.T'),
('0717077501', 'K00015', 'OKIK HENDRIYANTO CAHYONUGROHO S.T, M.T'),
('0717087701', 'K00013', 'DYAN AGUSTIN S.T, M.T'),
('0717096103', 'K00004', 'Drs.Ec MARSETO MSi'),
('0717106602', 'K00003', 'Dr INDRAWATI YUHERTIANA MM'),
('0718026301', 'K00017', 'Dr. Ir SYARIF IMAM HIDAYAT M.Si'),
('0718035601', 'K00003', 'Dra SRI HASTUTI'),
('0718036202', 'K00005', 'HERY PUDJOPRASTYONO S.E., M.M.'),
('0718046802', 'K00009', 'Dr CATUR SURATNOAJI MSi'),
('0718058401', 'K00001', 'Rizky Parlika, S.Kom, M.kom'),
('0718067801', 'K00001', 'ABDULLAH FADIL S.Kom'),
('0718075501', 'K00011', 'Dra SUPARWATI M.M.'),
('0718077605', 'K00002', 'MOHAMAD IRWAN AFANDI ST, MSc'),
('0718097102', 'K00014', 'IBNU SHOLICHIN ST MT'),
('0718106402', 'K00006', 'Ir ELY KURNIATI MT'),
('0718128001', 'K00005', 'ZUMROTUL FITRIYAH SE MM'),
('0719027101', 'K00008', 'ROSIDA S.TP,MP'),
('0719057301', 'K00009', 'ZAINAL ABIDIN ACHMAD S.Sos, M.Si'),
('0719057801', 'K00002', 'DODDY RIDWANDONO S.Kom'),
('0719066003', 'K00020', 'Ir RETNO KAWURYAN'),
('0719073301', 'K00017', 'MARSADI PAWIROSEMADI'),
('0719076601', 'K00018', 'Ir MAROETO MP'),
('0719105501', 'K00006', 'Ir SUKAMTO MT'),
('0720025501', 'K00005', 'SUHARTUTI'),
('0720046303', 'K00014', 'Ir WAHYU KARTINI M.T'),
('0720065601', 'K00017', 'Prof. Dr Ir. H. TEGUH SOEDARTO, MP'),
('0720067001', 'K00005', 'Dr. YUNININGSIH S.E., M.Si'),
('0720095201', 'K00015', 'Ir PUTU WESEN'),
('0720096402', 'K00005', 'Dra IKA KORIKA SWASTI MPd'),
('0720115204', 'K00020', 'Drs ASHARU'),
('0720116102', 'K00004', 'Dra NINIEK IMANINGSIH MP'),
('0720125002', 'K00006', 'Ir SRI RISNOYANTININGSIH MPd'),
('0721046702', 'K00009', 'S.Sos JUWITO Ssos MSi'),
('0722027903', 'K00005', 'IRA WIKARTIKA, SE., MM'),
('0722046002', 'K00006', 'Ir NANA DYAH SISWATI MKes'),
('0722066701', 'K00003', 'Dr GIDEON SETYO BUDIWITJAKSONO S.E., M.Si'),
('0722085201', 'K00006', 'Dr Ir SUMARGONO SU'),
('0722108002', 'K00003', 'FAJAR SYAIFUL AKBAR S.E., M.Akt'),
('0722125001', 'K00017', 'Dr. Ir SUMARTONO'),
('0723016701', 'K00003', 'Dra TITUK DIAH WIDAYANTIE M.M.'),
('0723025701', 'K00017', 'Ir MULYANTO M.Si'),
('0723025802', 'K00011', 'Ir LISA SULISTYAWATI MM'),
('0723028302', 'K00009', 'SYAFRIDA NURRACHMI FEBRIYANTI S.Sos'),
('0723028303', 'K00020', 'FEBY ARTWODINI MUQTADIROH S.Kom'),
('0723044702', 'K00018', 'Dr.Ir. MACHFUD EFFENDY SU'),
('0723106401', 'K00005', 'PANDJI SOEGIONO S.E., M.M.'),
('0723107701', 'K00015', 'EUIS NURUL HIDAYAH,ST. MT. PhD'),
('0723125901', 'K00003', 'Dra ERRY ANDHANIWATI MAks., Ak'),
('0724038403', 'K00009', 'SYIFA SYARIFAH ALAMIYAH S.Sos, M.Commun.'),
('0724056201', 'K00018', 'Dr Ir WUWUT GUNTORO MSi'),
('0724096302', 'K00005', 'Dr. Drs R DHANI ICHSANUDDIN NUR M.M'),
('0724126201', 'K00018', 'Ir WIDIWURJANI MP'),
('0725014001', 'K00004', 'MUCHSIN'),
('0725026501', 'K00007', 'Ir RUSINDIYANTO MT'),
('0725035802', 'K00003', 'Drs SAIFUL ANWAR MSi'),
('0725066204', 'K00018', 'Dr HERRY NIRWANTO MP'),
('0725067001', 'K00005', 'Drs ZAWAWI SE MPd MM'),
('0725085504', 'K00011', 'Dr EDDY POERNOMO S.E.'),
('0725085802', 'K00012', 'Dr. Dra WULAN RETNO WIGATI M.Pd'),
('0725088601', 'K00001', 'WAHYU SYAIFULLAH JAUHARIS SAPUTRA, S.Kom, M.Kom'),
('0725097702', 'K00019', 'MAS ANIENDA TIEN FITRIYAH SH., MH.'),
('0725098301', 'K00017', 'WAHYU SANTOSO'),
('0725125802', 'K00009', 'Ir DIDIEK TRANGGONO MSi'),
('0725127002', 'K00008', 'Dr DEDIN FINATSIYATULL ROSIDA MKes'),
('0726017903', 'K00019', 'YANA INDAWATI S.H., M.Kn'),
('0726024001', 'K00007', 'POERNOMO SOEJONO WIDAGDO'),
('0726036503', 'K00011', 'Dra SONJA ANDARINI MSi'),
('0726066102', 'K00005', 'Drs SUPRIYONO MM'),
('0726066704', 'K00013', 'Ir MUCHLISINIYATI SAFEYAH MT'),
('0726075201', 'K00004', 'Drs PATRAP WIPRAPTO MS'),
('0726114902', 'K00018', 'Ir HADI SUTRISNO MS'),
('0726116202', 'K00007', 'Ir IRIANI MMT'),
('0726116801', 'K00015', 'Ir NOVIRINA HENDRASARIE MT'),
('0726128401', 'K00003', 'RIDA PERWITA SARI S.E.'),
('0727027101', 'K00014', 'IWAN WAHYUDIANTO ST MT'),
('0727033901', 'K00003', 'ILHAM'),
('0727078201', 'K00009', 'AULIA RAHMAWATI , S.Sos,M.Si,Ph.D '),
('0727078602', 'K00002', 'RIZKA HADIWIYANTI, S.KOM,. M.KOM'),
('0727115501', 'K00005', 'Dra DWI WIDAYATI MM'),
('0727126002', 'K00017', 'Ir HAMIDAH HENDRARINI M.Si'),
('0728026002', 'K00006', 'Ir KINDRIARI NURMA WAHYUSI MT'),
('0728028601', 'K00012', 'SITI AMELIA QURRATA A YUN'),
('0728076201', 'K00005', 'Drs.Ec BOWO SANTOSO MM'),
('0728084801', 'K00007', 'HARI PURWOADI'),
('0728085901', 'K00004', 'Dr. Drs. SYAMSUL HUDA M.T'),
('0728097001', 'K00007', 'ENNY ARIYANI S.T, M.T'),
('0728104801', 'K00017', 'Ir A RACHMAN WALIULU'),
('0729046201', 'K00018', 'Ir RR DJARWATININGSIH PONGKI S MP'),
('0729046301', 'K00005', 'Dra. Ec. KUSTINI, M.Si, CHRA'),
('0729075901', 'K00015', 'Ir NANIEK RATNI J A R MKes'),
('0729096502', 'K00003', 'Prof. Dr. Dra SRI TRISNANINGSIH M.Si'),
('0729098101', 'K00016', 'ADITYA RAHMAN YANI S.T'),
('0729115101', 'K00008', 'Ir TRI MULYANI S MS'),
('0730056004', 'K00005', 'Drs RAHMAN AMRULLAH MS'),
('0730064202', 'K00004', 'HARIJANTO'),
('0730066201', 'K00014', 'Dra ANNA RUMINTANG MT'),
('0730078002', 'K00020', 'NUZLI LATIEF HERMAWAN S.Kom'),
('0730105201', 'K00018', 'Ir SUDARMADJI MS'),
('0730116101', 'K00007', 'Ir MINTO WALUYO M.M.'),
('0730116601', 'K00006', 'Ir DYAH SUCI PERWITASARI MT'),
('0730128503', 'K00012', 'MARIA INDIRA ARYANI'),
('0731055701', 'K00017', 'Ir SETYO PARSUDI MP'),
('0731056702', 'K00013', 'Dr. Ir. PANCAWATI DEWI MT'),
('0731076503', 'K00006', 'Dr NI KETUT SARI MT'),
('0731106302', 'K00018', 'Dr Ir SUKENDAH MSc'),
('0731108602', 'K00012', 'RESA RASYIDAH'),
('0731125502', 'K00006', 'Dr. Ir EDI MULYADI'),
('9900005553', 'K00011', 'Dr SLAMET SRIJONO MS'),
('9900980933', 'K00001', 'FIRZA PRIMA ADITIAWAN., S.KOM., MTI.'),
('0005078908', 'K00001', 'EVA YULIA PUSPANINGRUM, S.KOM, M.KOM'),
('0031128503', 'K00001', 'FAISAL MUTTAQIN, S.Kom,. M.T'),
('9901115296', 'K00001', 'HENNI ENDAH WAHANANI S.T, M.Kom'),
('9907000148', 'K00020', 'TRI INDYASARI S.Kom'),
('9907000520', 'K00020', 'Dra LIES PROBOHAPSARI'),
('0001128406', 'K00002', 'EKA DYAR WAHYUNI S.Kom, M.Kom'),
('9907001287', 'K00005', 'MIGFAR SIRADJ'),
('9907001920', 'K00002', 'SITI MUKAROMAH S.Kom, M.Kom'),
('9907002105', 'K00020', 'Dra TITIEK NURHIDAYATI'),
('9907002276', 'K00020', 'Dr MULYADI'),
('9907002525', 'K00020', 'Drs FREDDY ADAM'),
('9907002869', 'K00020', 'Drs MARZUKI'),
('9907002949', 'K00020', 'Drs ARIFIEN'),
('9907003181', 'K00011', 'Drs SADJUDI MSi'),
('9907003198', 'K00005', 'BALING KUSTRIYONO'),
('9907003299', 'K00020', 'Drs HENDRO SUPRIHADI'),
('9907003318', 'K00020', 'MUJIAYANTO S.E.'),
('9907003609', 'K00014', 'MOHAMMAD PRANOTO ST, MT'),
('9907003696', 'K00009', 'IRWAN DWI ARIANTO - lama'),
('9907003703', 'K00001', 'NITA YALINA'),
('9907003774', 'K00020', 'ZUMROH INDAH NAHDHIYAH S.Kom'),
('9907003869', 'K00020', 'Ir TRI SUSILO M.M.'),
('9907003999', 'K00020', 'Drs MARIYONO SUPOYO M.M.'),
('0008108605', 'K00001', 'CHRYSTIA AJI PUTRA S.Kom MT'),
('9907004461', 'K00020', 'D EPI SATYA ADRI P S.E.'),
('9907004620', 'K00005', 'INDRO KIRONO'),
('9907005225', 'K00017', 'EKO PRIYANTO'),
('9907005347', 'K00005', 'BAMBANG S'),
('9907005520', 'K00020', 'ROSSY AROFANI S.Sos'),
('9907005821', 'K00020', 'HERLIN SUSANTI S.Kom'),
('9907006071', 'K00004', 'Drs MUHAMMAD USMAN ALI'),
('9907006082', 'K00020', 'Drs AGUS SUBYANTORO M.M.'),
('9907006150', 'K00020', 'Drs MUHAMMAD SUGENG M.M.'),
('9907006173', 'K00020', 'GAYUH PERMANA S.Kom'),
('9907007912', 'K00006', 'Ir TUTUK HARSINI MT'),
('9907008147', 'K00020', 'Drs SASONO H'),
('9907008154', 'K00020', 'ELFI FATMA S.Kom, M.M.'),
('9907008396', 'K00020', 'DONNY HARY AGUSTIAWAN S.T'),
('9907008403', 'K00014', 'DYAN AGUSTIN ST'),
('9907008629', 'K00020', 'Drs ZAKI MUBARAK'),
('9907008663', 'K00006', 'Ir TJATOER WELASIH MT'),
('9907008820', 'K00020', 'IRMA AYU WARDANI S.Kom'),
('9907008860', 'K00005', 'UGY SOEBIANTORO S.E., M.M.'),
('9907008949', 'K00020', 'RIDHO DIMAS LIBRIHANANTO S.Kom'),
('9907009597', 'K00003', 'RINALDI ERNALDI MS'),
('9907009857', 'K00020', 'ENDANG IRIANI S.Sos'),
('9907010111', 'K00020', 'ALFIRA RIZKI HARNITA S.Kom'),
('9907010162', 'K00019', 'CHATARINA ANGGIA IKA HARIWATI S.H.'),
('9907010188', 'K00005', 'DrsEc. GREGORY IRSANO SANDAH MM'),
('9907010357', 'K00020', 'Drs BINSAR SIANIPAR'),
('9907010424', 'K00018', 'Ir KARSONO D B MP'),
('9907010570', 'K00020', 'Dra DIAH RUKMI'),
('9907010817', 'K00020', 'BUDHI SANYOTO M.M., M.Kom'),
('9907010823', 'K00020', 'Ir RESPATI HARI WINARNO'),
('9907011289', 'K00020', 'ANGGA EKA PRISDIAN S.Kom'),
('9907011805', 'K00020', 'Drs GUSTI KHAIRUDDIN'),
('9907012022', 'K00020', 'SUGIARTO S.Kom'),
('9907012312', 'K00005', 'Drs. EKO HARIJADI BUDIJANTO M.M.'),
('9907012426', 'K00007', 'Drs SARTIN MPd'),
('9907012496', 'K00005', 'PUSPANDAM KATIAS'),
('9907012604', 'K00020', 'DIAN KARTIKASARI BUDI PUTRI S.Sos'),
('9907012756', 'K00002', 'SYURFAH AYU ITHRIAH S.Kom'),
('199208122018032000', 'K00002', 'AMALIA ANJANI ARIFIYANTI S.KOM., M.KOM'),
('9907013439', 'K00020', 'JUFRI EFENDI S.Kom'),
('9907013666', 'K00020', 'Drs KHUSNUL HADI'),
('9907013879', 'K00002', 'PRIZA PANDUNATA'),
('9907014515', 'K00020', 'MUHAMMAD HATTA ILHAM'),
('9907014528', 'K00005', 'ANDI SUBROTO'),
('9937000068', 'K00001', 'MOHAMMAD IDHOM , SP,,. S.Kom,. MT'),
('383121303721', 'K00001', 'HENDRA MAULANA, S.KOM'),
('386051303671', 'K00002', 'DHIAN SATRIA YUDHA KARTIKA, S.KOM'),
('388021303661', 'K00002', 'SUBIYANTO PURNOMO PUTRO'),
('0710128001', 'K00005', 'ZUMROTUL FITRIYAH, SE,. MM'),
('0006018407', 'K00001', 'PRATAMA WIRYA ATMAJA, S.KOM,. M.KOM'),
('17219861123057', 'K00006', 'NOVE KARTIKA ERLIYANTI, ST,. MT'),
('0016078703', 'K00001', 'RETNO MUMPUNI, S.KOM,. M.Sc'),
('17119881108067', 'K00008', 'ANUGERAH DANY PRIYANTO, S.TP,. MP,. M.Sc'),
('17119891217064', 'K00008', 'ANDRE YUSUF TRISNA PUTRA, STP,. M.Sc'),
('0025028902', 'K00001', 'TRI LATHIF MARDI SURYANTO, S.KOM,. MT'),
('17119910425045', 'K00019', 'TEDDY PRIMA ANGGRIAWAN, SH,. S.SOS,. M.KN'),
('17219911212009', 'K00017', 'RESTI PRASTIKA DESTIARNI, S.E,. M.Si'),
('17219910704008', 'K00017', 'GYSKA INDAH HARYA, S.P,. M.Agr'),
('17219870909011', 'K00017', 'FANNY SEPTYA, S.P,. M.Si'),
('17219900616010', 'K00017', 'LIANA FATMA LESLIE PRATIWI, S.P,. M.Sc'),
('17219830905029', 'K00017', 'LAKSMI DIANA, S.S,. M.Pd'),
('17219890624026', 'K00018', 'DEWI PUSPA ARUM, S.Pd,. M.Pd'),
('17219890418015', 'K00018', 'NONI RAHMADHINI, S.P,. M.Sc'),
('17219891128028', 'K00004', 'KIKI NURISKA DENHAS, S.Pd,. M.A,. M.Pd'),
('17219940728050', 'K00005', 'HELMINA ARDYANFITRI, S.M,. M.M'),
('17219840119013', 'K00018', 'NOVA TRIANI, S.P,. M.P'),
('17219890914012', 'K00018', 'Dr. ELLY SYAFRIANI, S.P'),
('17119891205014', 'K00018', 'MEDINA ULI ALBA SOMALA, S.P,. M.Biotech'),
('17219910912027', 'K00007', 'KINANTI RESMI HAYATI, S.Hum,. M.A'),
('17219860506024', 'K00004', 'Dr. ENDANG SHOLIHATIN, S.Pd,. M.Pd'),
('17219911128044', 'K00019', 'ANAJENG ESRI EDHI MAHANANI'),
('17219921116043', 'K00019', 'NOVIA AYU PERMATASARI'),
('172119900112046', 'K00019', 'ADHITIYA WIDYA KARTIKA'),
('17219900427065', 'K00008', 'RISKI AYU ANGGREINI, S.TP,. M.Sc'),
('0001085806', 'K00009', 'Drs. KUSNARTO, M.SI'),
('17219840411058', 'K00008', 'LILIK SUPRIANTI'),
('17219910426016', 'K00003', 'ASTRINI ANING WIDORETNO, S.A,. M.AK,. Ak'),
('17219921026017', 'K00003', 'LUQITA ROMAISYAH, S.A,. M.A'),
('17119910809001', 'K00010', 'RANGGA RESTU PRAYOGO, S.AB,. M.SI'),
('17219870610039', 'K00004', 'BETTy SILFIA AYU UTAMI, SE,.M.SE'),
('17219831020049', 'K00005', 'WILMA CORDELIA IZAAK, SE,. MM'),
('17119890304003', 'K00011', 'MOCH. ALI MASHURI, S.Sos,.M.Si'),
('17219910501002', 'K00010', 'NURUL AZIZAH, S.AB,. M.AB'),
('17219890603023', 'K00013', 'ADIBAH NURUL YUNISYA, S.T,. B.B.E,. M.Sc'),
('17219910804021', 'K00013', 'FAIRUZ MUTIA, ST,. MT'),
('17119871117022', 'K00013', 'HERU PRASETIYO, ST,. MT'),
('17119891213020', 'K00004', 'ORYZA TANNAR'),
('17219890410041', 'K00004', 'NADIA SASRI'),
('17119880120040', 'K00004', 'MOHAMMAD WAHED'),
('17119890430051', 'K00019', 'EGAN EVANZHA YUDHA AMRIEL, S.Mn,. MM'),
('17219861115036', 'K00012', 'EVA NOVI KARINA, S.IP,. M.A'),
('17119890218005', 'K00011', 'KALVIN EDO WAHYUDI, S.Sos,. M.KP'),
('388071303601', 'K00012', 'PRAJA FIRDAUS NURYANANDA, S.Hub,. Int'),
('17219821102048', 'K00009', 'ROZIANA FEBRIANITA, S.Sos,. M.A'),
('17219890801034', 'K00012', 'RENITHA DWI HAPSARI, S.Hub,. Int'),
('17119930803037', 'K00012', 'ARIO BIMO UTOMO, S.IP,. MIR'),
('17119911104035', 'K00012', 'DIAS PABYANTARA SWANDITA MAHAYASA, S.Hub.Int, M.Hu'),
('0701126301', 'K00018', 'SISWANTO'),
('17119890722004', 'K00011', 'ARIMURTI KRISWIBOWO, S.IP,. M.SI'),
('9907003927', 'K00011', 'AGUS FISIP'),
('17219890828047', 'K00009', 'FIKRY ZAHRIA EMERALDIEN , S.I.Kom,. M.A'),
('17119890318063', 'K00008', 'LUQMAN AGUNG WICAKSONO, '),
('17219901408019', 'K00003', 'INVONY DWI APRILISANDA, S.E,. M.AK'),
('17219930120071', 'K00014', 'Zetta Rasullia Kamandang, ST., MT., M.Sc.'),
('17219880531066', 'K00008', 'Fesdila Putri Nurani, S.TP., M.Sc'),
('17219930314042', 'K00019', 'Proborini Hastuti, S.H, M.H.'),
('17219940221007', 'K00019', 'Rohmatul Faizah, S.Pd.I., M.Pd.I.'),
('0019058703', 'K00002', 'ASIF FAROQI, S.KOM,. M.KOM'),
('17219920510006', 'K00006', 'ERWIN KUSUMAWATI, S.Th.I,. M.Pd'),
('17219880428030', 'K00016', 'mahimma romadhona, ST, M.Ds'),
('17219911229018', 'K00003', 'Devy Sylvia Puspitasari, SE, M.S.A., Ak'),
('18119880625073', 'K00005', 'Riko Setya Wijaya, SE, MM'),
('17219900611032', 'K00016', 'DIANA AQIDATUN NISA'),
('18219810625072', 'K00004', 'KIKY ASMARA, SE,. MM'),
('389041303451', 'K00001', 'KAFI RAMADHANI BORUT ,.S.KOM,. M.KOM'),
('0824126101', 'K00009', 'Dr. Rusdi Hidayat N, M.Si'),
('198508112019031000', 'K00002', 'DR. ENG. AGUSSALIM M.T.'),
('199303162019032000', 'K00002', 'ERISTYA MAYA SAFITRI S.KOM., M.KOM.'),
('17119910320052', 'K00002', 'ARISTA PRATAMA S.KOM., M.KOM.'),
('198902052018032000', 'K00001', 'MADE HANINDIA PRAMI SWARI S.KOM., M.Cs'),
('198805252018031000', 'K00001', 'EKA PRAKARSA MANDYARTHA ST., M.KOM.'),
('199203172018031000', 'K00001', 'FAWWAZ ALI AKBAR S.KOM., M.KOM.');

-- --------------------------------------------------------

--
-- Table structure for table `fakultas`
--

CREATE TABLE `fakultas` (
  `KD_FAK` varchar(10) NOT NULL,
  `NM_FAK` varchar(50) DEFAULT NULL
) ENGINE=MyISAM DEFAULT CHARSET=utf8;

--
-- Dumping data for table `fakultas`
--

INSERT INTO `fakultas` (`KD_FAK`, `NM_FAK`) VALUES
('F00002', 'Fakultas Ekonomi dan Bisnis'),
('F00001', 'Fakultas Teknik'),
('F00003', 'Fakultas Ilmu Sosial &amp; Politik'),
('F00004', 'Fakultas Arsitektur dan Desain'),
('F00005', 'Fakultas Pertanian'),
('F00006', 'Fakultas Hukum'),
('F00007', 'Fakultas Ilmu Komputer'),
('F00008', 'BELUM ADA');

-- --------------------------------------------------------

--
-- Table structure for table `m_hibah`
--

CREATE TABLE `m_hibah` (
  `hibah_id` int(11) NOT NULL,
  `hibah_nama` varchar(50) NOT NULL,
  `hibah_aktif` varchar(10) NOT NULL DEFAULT 'AKTIF'
) ENGINE=InnoDB DEFAULT CHARSET=latin1;

--
-- Dumping data for table `m_hibah`
--

INSERT INTO `m_hibah` (`hibah_id`, `hibah_nama`, `hibah_aktif`) VALUES
(1, 'PKM', 'AKTIF'),
(2, 'KRTI', 'PASIF'),
(3, 'KTI', 'PASIF'),
(4, 'KRTIA', 'PASIF'),
(5, 'KBMI', 'PASIF');

-- --------------------------------------------------------

--
-- Table structure for table `m_kategori`
--

CREATE TABLE `m_kategori` (
  `kat_id` int(11) NOT NULL,
  `hibah_id` int(11) NOT NULL,
  `kat_nama` varchar(50) NOT NULL,
  `kat_aktif` varchar(10) NOT NULL DEFAULT 'AKTIF'
) ENGINE=InnoDB DEFAULT CHARSET=latin1;

--
-- Dumping data for table `m_kategori`
--

INSERT INTO `m_kategori` (`kat_id`, `hibah_id`, `kat_nama`, `kat_aktif`) VALUES
(1, 1, 'PKM Kewirausahaan', 'AKTIF'),
(2, 2, 'KRTI A', 'AKTIF'),
(3, 2, 'KRTI B', 'AKTIF'),
(4, 1, 'PKM Pengabdian Kepada Masyarakat', 'AKTIF'),
(5, 1, 'PKM Teknologi', 'AKTIF'),
(6, 3, 'KTI A', 'AKTIF'),
(7, 3, 'KTI B', 'PASIF'),
(8, 1, 'PKM Karsa Cipta', 'AKTIF'),
(9, 1, 'PKM Penelitian', 'AKTIF'),
(10, 1, 'PKM Gagasan Tertulis', 'AKTIF'),
(11, 1, 'PKM GFK', 'AKTIF'),
(12, 1, 'PKM Artikel Ilmiah', 'AKTIF');

-- --------------------------------------------------------

--
-- Table structure for table `m_login`
--

CREATE TABLE `m_login` (
  `login_id` int(11) NOT NULL,
  `login_user` varchar(20) NOT NULL,
  `login_pass` varchar(20) NOT NULL,
  `login_status` int(11) NOT NULL,
  `login_aktif` varchar(10) NOT NULL DEFAULT 'AKTIF',
  `id_session` varchar(30) NOT NULL,
  `login_date` timestamp NOT NULL DEFAULT current_timestamp()
) ENGINE=InnoDB DEFAULT CHARSET=latin1;

--
-- Dumping data for table `m_login`
--

INSERT INTO `m_login` (`login_id`, `login_user`, `login_pass`, `login_status`, `login_aktif`, `id_session`, `login_date`) VALUES
(1, 'admin', '123', 1, 'AKTIF', 'ads', '2019-05-11 13:34:09'),
(7, '1024010006', '163409', 3, 'AKTIF', 'msa', '2019-05-17 01:33:51'),
(8, '1135010032', '384529', 3, 'PASIF', 'msa', '2019-05-17 01:34:05'),
(9, '1034010100', '142986', 3, 'AKTIF', 'msa', '2019-05-17 01:34:24'),
(10, '1412010097', '194078', 3, 'PASIF', 'msa', '2019-05-17 01:35:31'),
(11, '0001026909', '851729', 2, 'PASIF', 'bbg', '2019-05-17 01:40:12'),
(12, '0001026909', '059412', 4, 'PASIF', 'rvi', '2019-05-17 01:40:29'),
(18, '9937000068', '156784', 2, 'AKTIF', 'bbg', '2019-05-17 01:53:24'),
(19, '0015055708', '268759', 4, 'AKTIF', 'rvi', '2019-06-18 02:48:26'),
(20, '0731076503', '759463', 2, 'AKTIF', 'bbg', '2019-06-18 02:48:55'),
(21, '0020036108', '084236', 4, 'AKTIF', 'rvi', '2019-06-18 02:49:14'),
(22, '0708055501', '164529', 4, 'AKTIF', 'rvi', '2019-06-18 02:50:43'),
(23, '0708016202', '630485', 4, 'AKTIF', 'rvi', '2019-06-18 02:50:54'),
(24, '1124010009', '061425', 3, 'AKTIF', 'msa', '2019-06-18 03:42:27'),
(25, '1124010004', '697405', 3, 'AKTIF', 'msa', '2019-06-19 04:57:29'),
(26, '1434010144', '043687', 3, 'AKTIF', 'msa', '2019-08-05 11:02:52'),
(27, '0023076907', '723458', 2, 'AKTIF', 'bbg', '2019-11-07 10:00:18'),
(28, '0024118503', '643581', 2, 'AKTIF', 'bbg', '2019-11-07 10:01:16'),
(29, '0025028902', '209463', 2, 'AKTIF', 'bbg', '2019-11-07 10:01:26'),
(30, '17081010067', '394178', 3, 'AKTIF', 'msa', '2019-11-07 11:37:08'),
(31, '17081010017', '759128', 3, 'AKTIF', 'msa', '2019-11-07 11:37:29'),
(32, '18081010034', '307598', 3, 'AKTIF', 'msa', '2019-11-07 11:37:50'),
(33, '18081010079', '419503', 3, 'AKTIF', 'msa', '2019-11-07 11:38:14'),
(34, '18081010010', '480956', 3, 'AKTIF', 'msa', '2019-11-07 11:39:52'),
(35, '18081010019', '666666', 3, 'AKTIF', 'msa', '2019-11-07 11:40:54'),
(36, '18081010040', '703286', 3, 'AKTIF', 'msa', '2019-11-07 11:41:12'),
(37, '17081010006', 'komayelor', 3, 'AKTIF', 'msa', '2019-11-07 11:41:28'),
(38, '17081010016', '415829', 3, 'AKTIF', 'msa', '2019-11-07 11:41:48'),
(39, '17081010099', '560297', 3, 'AKTIF', 'msa', '2019-11-07 11:42:04'),
(40, '17081010063', '073296', 3, 'AKTIF', 'msa', '2019-11-07 11:42:34'),
(41, '17081010025', '062751', 3, 'AKTIF', 'msa', '2019-11-07 11:45:56'),
(42, '17081010019', '256738', 3, 'AKTIF', 'msa', '2019-11-07 11:46:20'),
(43, '17081010059', '567498', 3, 'AKTIF', 'msa', '2019-11-07 11:46:55'),
(44, '18081010152', '128450', 3, 'AKTIF', 'msa', '2019-11-07 11:47:19'),
(45, '18081010057', '871459', 3, 'AKTIF', 'msa', '2019-11-07 11:47:38'),
(46, '17081010010', '209341', 3, 'AKTIF', 'msa', '2019-11-07 11:48:16'),
(47, '18081010020', '628795', 3, 'AKTIF', 'msa', '2019-11-07 11:49:10'),
(48, '18081010113', '320687', 3, 'AKTIF', 'msa', '2019-11-07 11:49:35'),
(49, '17081010005', 'ramaandika123', 3, 'AKTIF', 'msa', '2019-11-07 11:50:06'),
(50, '17081010036', '631874', 3, 'AKTIF', 'msa', '2019-11-07 11:50:24'),
(51, '18081010014', '024351', 3, 'AKTIF', 'msa', '2019-11-07 11:50:57'),
(52, '18081010011', '984651', 3, 'AKTIF', 'msa', '2019-11-07 11:51:27'),
(53, '18081010124', '041856', 3, 'AKTIF', 'msa', '2019-11-07 11:51:53'),
(54, '17081010057', '237946', 3, 'AKTIF', 'msa', '2019-11-07 11:52:14'),
(55, '17081010007', 'sufi', 3, 'AKTIF', 'msa', '2019-11-07 11:52:31'),
(56, '17081010002', '017346', 3, 'AKTIF', 'msa', '2019-11-07 11:52:52'),
(57, '17081010089', '092175', 3, 'AKTIF', 'msa', '2019-11-07 11:53:14'),
(58, '1634010094', '613475', 3, 'AKTIF', 'msa', '2019-11-07 11:53:52'),
(59, '17081010079', '748196', 3, 'AKTIF', 'msa', '2019-11-07 12:08:21'),
(60, '18081010002', '063951', 3, 'AKTIF', 'msa', '2019-11-07 12:08:40'),
(61, '18081010038', '097524', 3, 'AKTIF', 'msa', '2019-11-07 12:09:31'),
(62, '18081010121', '082347', 3, 'AKTIF', 'msa', '2019-11-07 12:15:50'),
(63, '18081010127', '208964', 3, 'AKTIF', 'msa', '2019-11-07 12:17:18'),
(64, '17081010096', '725946', 3, 'AKTIF', 'msa', '2019-11-07 12:32:45'),
(65, '18081010087', '582670', 3, 'AKTIF', 'msa', '2019-11-07 12:33:07'),
(66, '17081010015', '720984', 3, 'AKTIF', 'msa', '2019-11-07 12:33:26'),
(67, '18081010006', '396542', 3, 'AKTIF', 'msa', '2019-11-07 12:33:41'),
(68, '17081010020', 'cahaya2008', 3, 'AKTIF', 'msa', '2019-11-07 12:33:58'),
(69, '17081010037', '106528', 3, 'AKTIF', 'msa', '2019-11-07 12:34:13'),
(70, '17081010033', '698410', 3, 'AKTIF', 'msa', '2019-11-07 12:34:30'),
(71, '17081010013', 'akbar123', 3, 'AKTIF', 'msa', '2019-11-07 12:34:50'),
(72, '1634010014', '736942', 3, 'AKTIF', 'msa', '2019-11-07 12:35:07'),
(73, '17081010003', '762035', 3, 'AKTIF', 'msa', '2019-11-07 12:35:26'),
(74, '17081010041', '158734', 3, 'AKTIF', 'msa', '2019-11-07 12:35:44'),
(75, '17081010001', '721093', 3, 'AKTIF', 'msa', '2019-11-07 12:36:06'),
(76, '17081010009', '715632', 3, 'AKTIF', 'msa', '2019-11-07 12:36:34'),
(77, '17081010018', '072594', 3, 'AKTIF', 'msa', '2019-11-07 12:36:50'),
(78, '17081010011', '605841', 3, 'AKTIF', 'msa', '2019-11-07 12:37:07'),
(79, '17081010012', '679340', 3, 'AKTIF', 'msa', '2019-11-07 12:37:50'),
(80, '17081010004', '498102', 3, 'AKTIF', 'msa', '2019-11-07 12:38:24'),
(81, '17081010034', '760349', 3, 'AKTIF', 'msa', '2019-11-07 12:39:21'),
(82, '18081010101', '639712', 3, 'AKTIF', 'msa', '2019-11-07 12:39:57'),
(83, '18081010149', '786903', 3, 'AKTIF', 'msa', '2019-11-07 12:40:43'),
(84, '17081010102', '324180', 3, 'AKTIF', 'msa', '2019-11-07 12:42:58'),
(85, '17081010092', 'afrizal99', 3, 'AKTIF', 'msa', '2019-11-07 12:43:15'),
(86, '17081010074', '927153', 3, 'AKTIF', 'msa', '2019-11-07 12:43:47'),
(87, '17081010085', '987546', 3, 'AKTIF', 'msa', '2019-11-07 12:44:04'),
(88, '17081010029', '710253', 3, 'AKTIF', 'msa', '2019-11-07 12:44:25'),
(89, '18081010090', '652713', 3, 'AKTIF', 'msa', '2019-11-07 12:44:59'),
(90, '18081010064', '703526', 3, 'AKTIF', 'msa', '2019-11-07 12:48:48'),
(91, '18081010129', '650432', 3, 'AKTIF', 'msa', '2019-11-07 12:49:58'),
(92, '18081010013', '769014', 3, 'AKTIF', 'msa', '2019-11-07 12:50:19'),
(93, '17081010032', '852396', 3, 'AKTIF', 'msa', '2019-11-07 12:50:46'),
(94, '17081010088', '482709', 3, 'AKTIF', 'msa', '2019-11-07 12:51:06'),
(95, '18081010007', '985321', 3, 'AKTIF', 'msa', '2019-11-07 14:28:28'),
(96, '18081010001', '637940', 3, 'AKTIF', 'msa', '2019-11-07 14:29:21'),
(97, '17081010024', '583714', 3, 'AKTIF', 'msa', '2019-11-07 14:29:46'),
(98, '17081010106', '781526', 3, 'AKTIF', 'msa', '2019-11-07 14:30:16'),
(99, '18081010071', '605893', 3, 'AKTIF', 'msa', '2019-11-07 14:30:53'),
(100, '17081010072', 'umarusmanali27', 3, 'AKTIF', 'msa', '2019-11-07 14:31:40'),
(101, '18081010023', '501763', 3, 'AKTIF', 'msa', '2019-11-08 01:02:38'),
(102, '17081010026', '503294', 3, 'AKTIF', 'msa', '2019-11-08 01:02:55'),
(103, '17081010080', '167348', 3, 'AKTIF', 'msa', '2019-11-08 01:03:24'),
(104, '17082010009', '759482', 3, 'AKTIF', 'msa', '2019-11-08 04:39:44'),
(105, '17082010001', '986703', 3, 'AKTIF', 'msa', '2019-11-08 04:39:57'),
(106, '18081010126', '712935', 3, 'AKTIF', 'msa', '2019-11-08 04:40:19'),
(107, '17081010035', '140267', 3, 'AKTIF', 'msa', '2019-11-08 06:26:20'),
(108, '17082010029', '602485', 3, 'AKTIF', 'msa', '2019-11-08 08:18:52'),
(109, '17081010069', '681742', 3, 'AKTIF', 'msa', '2019-11-08 08:19:12'),
(110, '199203172018031000', '506389', 2, 'AKTIF', 'bbg', '2019-11-08 10:01:01'),
(111, '0006018407', '098652', 2, 'AKTIF', 'bbg', '2019-11-08 10:01:16'),
(112, '199208122018032000', '352068', 2, 'AKTIF', 'bbg', '2019-11-08 10:01:30'),
(113, '198508112019031000', '945763', 2, 'AKTIF', 'bbg', '2019-11-08 10:01:42'),
(114, '199303162019032000', '706192', 2, 'AKTIF', 'bbg', '2019-11-08 10:01:55'),
(115, '17119910320052', '043687', 2, 'AKTIF', 'bbg', '2019-11-08 10:02:44'),
(116, '198805252018031000', '074695', 2, 'AKTIF', 'bbg', '2019-11-08 10:03:13'),
(117, '198902052018032000', '712635', 2, 'AKTIF', 'bbg', '2019-11-08 10:03:20'),
(118, '17082010010', '639025', 3, 'AKTIF', 'msa', '2019-11-08 12:25:34'),
(119, '17081010078', '320145', 3, 'AKTIF', 'msa', '2019-11-08 12:26:28'),
(120, '17081010098', '865012', 3, 'AKTIF', 'msa', '2019-11-08 12:26:55'),
(121, '17081010008', '526108', 3, 'AKTIF', 'msa', '2019-11-08 12:27:59'),
(122, '9901115296', '940327', 2, 'AKTIF', 'bbg', '2019-11-09 04:03:03'),
(123, '0019067008', '420319', 2, 'AKTIF', 'bbg', '2019-11-09 09:40:46'),
(124, '17081010056', '716058', 3, 'AKTIF', 'msa', '2019-11-09 13:23:47'),
(125, '18081010093', '821469', 3, 'AKTIF', 'msa', '2019-11-09 13:24:33'),
(126, '18081010085', '031852', 3, 'AKTIF', 'msa', '2019-11-09 13:25:10'),
(127, '17082010011', '802463', 3, 'AKTIF', 'msa', '2019-11-09 14:40:47'),
(128, '17082010038', '037984', 3, 'AKTIF', 'msa', '2019-11-09 14:59:41'),
(129, '17082010039', '837105', 3, 'AKTIF', 'msa', '2019-11-09 15:42:50'),
(130, '17082010046', '143058', 3, 'AKTIF', 'msa', '2019-11-09 15:44:01'),
(131, '18081010016', '234168', 3, 'AKTIF', 'msa', '2019-11-09 15:47:36'),
(132, '17082010056', '168349', 3, 'AKTIF', 'msa', '2019-11-09 22:42:59'),
(133, '17082010057', '024391', 3, 'AKTIF', 'msa', '2019-11-09 22:43:39'),
(134, '17082010051', '490568', 3, 'AKTIF', 'msa', '2019-11-09 22:44:24'),
(135, '17082010032', '614723', 3, 'AKTIF', 'msa', '2019-11-10 02:02:50'),
(136, '17082010054', '105729', 3, 'AKTIF', 'msa', '2019-11-10 02:04:06'),
(137, '17082010047', '725940', 3, 'AKTIF', 'msa', '2019-11-10 02:05:04'),
(138, '17082010037', '341268', 3, 'AKTIF', 'msa', '2019-11-10 02:47:24'),
(139, '17082010049', '695304', 3, 'AKTIF', 'msa', '2019-11-10 04:41:43'),
(140, '17082010053', '640518', 3, 'AKTIF', 'msa', '2019-11-10 04:42:44'),
(141, '17082010031', '026417', 3, 'AKTIF', 'msa', '2019-11-10 06:52:17'),
(142, '18082010014', 'ayatiara28', 3, 'AKTIF', 'msa', '2019-11-10 08:21:22'),
(143, '17082010052', '542081', 3, 'AKTIF', 'msa', '2019-11-10 12:39:01'),
(144, '17082010034', '937265', 3, 'AKTIF', 'msa', '2019-11-10 12:48:08'),
(145, '17082010023', '308241', 3, 'AKTIF', 'msa', '2019-11-10 12:55:20'),
(146, '17082010005', '357096', 3, 'AKTIF', 'msa', '2019-11-10 12:56:01'),
(147, '17082010044', '768103', 3, 'AKTIF', 'msa', '2019-11-10 13:07:10'),
(148, '0714028703', '375428', 2, 'AKTIF', 'bbg', '2019-11-11 00:49:07'),
(149, '0725088601', '572968', 2, 'AKTIF', 'bbg', '2019-11-11 00:50:11'),
(150, '0005078908', '317420', 2, 'AKTIF', 'bbg', '2019-11-11 00:51:39'),
(151, '0708128403', '243956', 2, 'AKTIF', 'bbg', '2019-11-11 00:52:09'),
(152, '0718058401', '647859', 2, 'AKTIF', 'bbg', '2019-11-11 00:53:31'),
(153, '0001128406', '152649', 2, 'AKTIF', 'bbg', '2019-11-11 00:54:19'),
(154, '0707098003', '148629', 2, 'AKTIF', 'bbg', '2019-11-11 00:55:11'),
(155, '0031128503', '329086', 2, 'AKTIF', 'bbg', '2019-11-11 00:57:33'),
(156, '0711028201', '291865', 2, 'AKTIF', 'bbg', '2019-11-11 00:58:11'),
(157, '0702068002', '124986', 2, 'AKTIF', 'bbg', '2019-11-11 00:58:56'),
(158, '0717037901', '893610', 2, 'AKTIF', 'bbg', '2019-11-11 00:59:32'),
(159, '0727078602', '856439', 2, 'AKTIF', 'bbg', '2019-11-11 00:59:56'),
(160, '9900980933', '925407', 2, 'AKTIF', 'bbg', '2019-11-11 01:01:15'),
(161, '0016078703', '928603', 2, 'AKTIF', 'bbg', '2019-11-11 01:01:57'),
(162, '17082010048', '418693', 3, 'AKTIF', 'msa', '2019-11-11 01:15:57'),
(163, '0025048602', '450261', 2, 'AKTIF', 'bbg', '2019-11-11 01:19:44'),
(164, '0008108605', '192083', 2, 'AKTIF', 'bbg', '2019-11-11 01:23:35'),
(165, '0719057801', '967052', 2, 'AKTIF', 'bbg', '2019-11-11 01:26:36'),
(166, '0718077605', '790136', 2, 'AKTIF', 'bbg', '2019-11-11 01:27:24'),
(167, '17082010036', '642057', 3, 'AKTIF', 'msa', '2019-11-11 01:27:51'),
(168, '9907001920', '610547', 2, 'AKTIF', 'bbg', '2019-11-11 01:28:14'),
(169, '17082010016', '409831', 3, 'AKTIF', 'msa', '2019-11-11 01:28:52'),
(170, '17082010050', '980235', 3, 'AKTIF', 'msa', '2019-11-11 01:33:57'),
(171, '17082010024', '936702', 3, 'AKTIF', 'msa', '2019-11-11 01:39:31'),
(172, '0025118203', '527846', 2, 'AKTIF', 'bbg', '2019-11-11 01:54:58'),
(173, '0019058703', '435126', 2, 'AKTIF', 'bbg', '2019-11-11 02:21:07'),
(174, '17081010060', '578361', 3, 'AKTIF', 'msa', '2019-11-11 02:54:32'),
(175, '17082010028', '126958', 3, 'AKTIF', 'msa', '2019-11-11 02:55:22'),
(176, '17081010065', '376154', 3, 'AKTIF', 'msa', '2019-11-11 02:57:19'),
(177, '17082010014', '628935', 3, 'AKTIF', 'msa', '2019-11-11 03:07:32'),
(178, '17082010058', '181199', 3, 'AKTIF', 'msa', '2019-11-11 04:20:12'),
(179, '18081010060', '318026', 3, 'AKTIF', 'msa', '2019-11-11 04:31:23'),
(180, '18082010069', '701945', 3, 'AKTIF', 'msa', '2019-11-11 05:02:54'),
(181, '17082010043', 'esareynor123', 3, 'AKTIF', 'msa', '2019-11-11 05:05:25'),
(182, '17082010042', '703621', 3, 'AKTIF', 'msa', '2019-11-11 05:20:06'),
(183, '18081010061', '819543', 3, 'AKTIF', 'msa', '2019-11-11 05:40:11'),
(184, '17082010055', '936725', 3, 'AKTIF', 'msa', '2019-11-11 06:04:34'),
(185, '17082010045', '581972', 3, 'AKTIF', 'msa', '2019-11-11 06:21:40'),
(186, '17082010045', '645198', 3, 'AKTIF', 'msa', '2019-11-11 06:22:12'),
(187, '17081010043', '320415', 3, 'AKTIF', 'msa', '2019-11-11 07:36:58'),
(188, '18082010002', '416205', 3, 'AKTIF', 'msa', '2019-11-11 07:41:02'),
(189, '19081010127', '723958', 3, 'AKTIF', 'msa', '2019-11-11 07:41:24'),
(190, '18081010073', '350861', 3, 'AKTIF', 'msa', '2019-11-11 08:16:34'),
(191, '18082010065', '219308', 3, 'AKTIF', 'msa', '2019-11-11 09:06:28'),
(192, '17081010082', '849725', 3, 'AKTIF', 'msa', '2019-11-11 10:06:01'),
(193, '17081010027', '754083', 3, 'AKTIF', 'msa', '2019-11-11 10:09:21'),
(194, '9907012022', '350269', 4, 'PASIF', 'rvi', '2019-11-11 10:33:50'),
(195, '0710116102', '024735', 4, 'PASIF', 'rvi', '2019-11-11 10:42:47'),
(196, '0710116102', '159047', 2, 'PASIF', 'bbg', '2019-11-11 10:43:04'),
(197, '17081010023', '653790', 3, 'AKTIF', 'msa', '2019-11-11 11:26:59'),
(198, '17081010097', '042563', 3, 'AKTIF', 'msa', '2019-11-11 11:28:14'),
(199, '1635010036', '689152', 3, 'AKTIF', 'msa', '2019-11-11 11:29:28'),
(200, '17081010090', '897641', 3, 'AKTIF', 'msa', '2019-11-11 14:51:00'),
(201, '18081010052', '048379', 3, 'AKTIF', 'msa', '2019-11-14 07:19:14'),
(202, '17081010109', '493186', 3, 'AKTIF', 'msa', '2019-11-14 07:20:38'),
(203, '18081010069', '872136', 3, 'AKTIF', 'msa', '2019-11-14 07:21:37'),
(204, '19082010095', '309581', 3, 'AKTIF', 'msa', '2019-11-15 10:58:14'),
(205, '18081010083', '845731', 3, 'AKTIF', 'msa', '2019-11-19 14:23:32'),
(206, '18081010083', '247510', 3, 'PASIF', 'msa', '2019-11-19 14:24:09'),
(207, '18081010116', '913752', 3, 'AKTIF', 'msa', '2019-11-20 03:35:22'),
(208, '9907012756', '049521', 2, 'AKTIF', 'bbg', '2019-11-22 04:24:07'),
(209, '17081010070', '521349', 3, 'AKTIF', 'msa', '2019-12-13 13:53:09');

-- --------------------------------------------------------

--
-- Table structure for table `m_mhs`
--

CREATE TABLE `m_mhs` (
  `NPM` varchar(12) NOT NULL,
  `KD_PROGDI` varchar(10) DEFAULT NULL,
  `NM_MHS` varchar(50) DEFAULT NULL
) ENGINE=MyISAM DEFAULT CHARSET=utf8;

--
-- Dumping data for table `m_mhs`
--

INSERT INTO `m_mhs` (`NPM`, `KD_PROGDI`, `NM_MHS`) VALUES
('1371010018', 'K00019', 'Raka Kariti Suprapto'),
('1471015002', 'K00019', 'Dessy Hergayati'),
('1171010131', 'K00019', 'Ananta Dwi Pradipta'),
('1371010051', 'K00019', 'Foresta Siswoharsono'),
('1371010097', 'K00019', 'radian pranata dwi permana'),
('1471010014', 'K00019', 'Deo Shelly Hariyani'),
('1371010053', 'K00019', 'fauzi gumilang'),
('1434010138', 'K00001', 'Satriyo Pujo Nur Rahino'),
('1371010008', 'K00019', 'EMANUEL NGGAA DON BOSCO'),
('1225010009', 'K00018', 'Andi Sukma Kukuh Riyanjaya'),
('1371010021', 'K00019', 'Reinaldi Agusta Prakoso'),
('1371010038', 'K00019', 'Fernando sihar sitorus'),
('1271010017', 'K00019', 'mirzadi zamin'),
('1341010085', 'K00011', 'puteri amalia'),
('1325010066', 'K00018', 'MOH NICO PUJI FIRMANSAH'),
('1325010005', 'K00018', 'Annisa Nur Hamidah'),
('1324010007', 'K00017', 'Ridho Bayu Dwiatmojo'),
('1125010019', 'K00018', 'EKO FIDIANTO'),
('1525010148', 'K00018', 'MIA KURNIA'),
('1424010042 ', 'K00017', 'Laras Nur Fitriani '),
('1434010014', 'K00001', 'Satya Eko Prasetyo'),
('137101115', 'K00019', 'RIZKY RAMADHAN'),
('1371010115', 'K00019', 'RIZKY RAMADHAN'),
('1371010068', 'K00019', 'INDRA WICAKSONO HIDAYATULLAH'),
('1371010028', 'K00019', 'Muhammad Ardiyansyah'),
('1435010052', 'K00002', 'Markus Adam Hidayat '),
('1371010035', 'K00019', 'Kiki Dwi Setya W'),
('1134010048', 'K00001', 'Alfian Akbar Pratama'),
('1444010011', 'K00012', 'Ni Wayan Maya Navy Permatasari Ronthi'),
('1444010037', 'K00012', 'Rahmatya Nur Wibi Pertiwi'),
('1444010033', 'K00012', 'Nisa&#039;atin Khusaidah'),
('1371010064', 'K00019', 'Rheza Raka Siwi'),
('1334010008', 'K00001', 'Uci Febriyanti'),
('1334010147', 'K00001', 'Muhammad Afif Firmansyah'),
('1444010016', 'K00012', 'Dina Cassa Maharani'),
('1334010111', 'K00001', 'Dhita Maharani Wahyuningtyas'),
('1444010012', 'K00012', 'MARSELINUS RICHARDO'),
('1334010015', 'K00001', 'Kartika Mustikaning Wahyudi'),
('1134010179', 'K00001', 'Rieza Mahendra Putra'),
('1435010014', 'K00002', 'mochamad aziz noviyanto'),
('1371010029', 'K00019', 'indri trisna arinda'),
('1334010127', 'K00001', 'Akhmad Zakki Ghufron'),
('1334010115', 'K00001', 'Zahra Kumalarini'),
('1444010009', 'K00012', 'Stefanus Ari Wicaksono'),
('1444010024', 'K00012', 'Juwita Dewi Arimbi Wibisono'),
('1444010036', 'K00012', 'Nurul Oktavia Sarie'),
('1434010038', 'K00001', 'Dimas Eko W'),
('1134010033 ', 'K00001', 'Dedys Hendra Tanaya'),
('1334010181', 'K00001', 'Indra Awal Priyanto'),
('1334010180', 'K00001', 'Fredi widanarko'),
('1334010150', 'K00001', 'Fadhil Fermadhan Syani'),
('1134015015', 'K00001', 'Moch. Anwar Nuris'),
('1134015028', 'K00001', 'Wahyu Dwi Utomo'),
('1434015011', 'K00001', 'Dian Octarina Wijanarko'),
('1334010211', 'K00001', 'Toni Aditiyo Putro'),
('1134215046', 'K00001', 'Muhammad Mirzaq Syahrial Alafi'),
('1434010026', 'K00001', 'Yogie Putra Pratama'),
('1434010012', 'K00001', 'Kurni Dwi Purna Prahara'),
('1371010031', 'K00019', 'Aldio Darmawan'),
('1335010022', 'K00002', 'irfan satrio'),
('1335010013', 'K00002', 'kartika herdianti hidayat'),
('1334010053', 'K00001', 'M. Khusnul Rizqy'),
('1341010053', 'K00011', 'Reza Adi Kurniawan'),
('1334010128', 'K00001', 'Lucky Pratama Rachmawan'),
('1334010051', 'K00001', 'Nofet Mahedra'),
('1334010019', 'K00001', 'Djuniar Angga Samudra'),
('1434010028 ', 'K00001', 'MUHAMMAD SEPTA DWIKI FAHRONI'),
('1334010028', 'K00001', 'Unggul Widi Atmojo'),
('1334010033', 'K00001', 'Kiki Susanto'),
('1335010026', 'K00002', 'Muhamad Iqbal Tawakkal'),
('1434010977', 'K00001', 'Masti Fatchiyah'),
('1434010077', 'K00001', 'Masti Fatchiyah'),
('1434010151', 'K00001', 'M. Fahmi Rizal'),
('1442010079', 'K00010', 'Serly Resmita'),
('1344010004', 'K00012', 'Joao Baptista Vong'),
('1442010020', 'K00010', 'Leonardo Sigit Pranata'),
('1234010172', 'K00001', 'Chrisna H. Denniswara'),
('1434010005', 'K00001', 'Fathurrachman Saputro Wiratama'),
('1134015042', 'K00001', 'MOCHAMMAD VIRGIAWAN PUJANGGA'),
('1134015036', 'K00001', 'Rachmat Ekka Wardhana'),
('1244010021', 'K00012', 'Robby Ersano'),
('1334015004', 'K00001', 'Fadjar Pradja Winata '),
('1442010076', 'K00010', 'Ryanda Nur Aulia'),
('1335010004', 'K00002', 'Bagus Khuirun Nasichin'),
('1434010082', 'K00001', 'Sigit Dwiky Prakoso'),
('1442010073', 'K00010', 'LINNA INDAH TRI LESTARI'),
('1335010019', 'K00002', 'Agi Nugroho'),
('1335010051', 'K00002', 'Luqman Hakim'),
('1434010050', 'K00001', 'Rio Widha Paulana'),
('1434010195', 'K00001', 'siti balqis haibati tamini'),
('1335010001', 'K00002', 'Agus Syehqul Rozy'),
('1335010034', 'K00002', 'danny aristo setiawan'),
('1334010065', 'K00001', 'ANDIAN KURNIA'),
('1371015007', 'K00019', 'Didik nursetyo'),
('1434010023', 'K00001', 'Muhammad Bronx Noval Kurniawan'),
('1234015008', 'K00001', 'Fajar Sudrajat'),
('1434010122', 'K00001', 'Muhammad Rendy Arief'),
('1434010127', 'K00001', 'Army Dinasty'),
('1234010200', 'K00001', 'Yuge Afiranto'),
('1134015006', 'K00001', 'Adhitiya Wardana'),
('1435010020', 'K00002', 'Nuri Wijayanti'),
('1135010088', 'K00002', 'Ikrima Karaman'),
('1135010092', 'K00002', 'aga firmani hansa'),
('1135010065', 'K00002', 'nizar shultoni'),
('1134015020', 'K00001', 'M. Ario Shofwan'),
('1334010059', 'K00001', 'Windra Penggalang'),
('1134015040', 'K00001', 'Andri Setyawan'),
('1435010051', 'K00002', 'Hosiana Mahardikaningtyas'),
('1134015029', 'K00001', 'Yuda Tri Riswanto'),
('1134105020', 'K00001', 'M. ARIO SHOFWAN'),
('1134010053', 'K00001', 'Hanindyo Rizkie Hidayatullah'),
('1234010011', 'K00001', 'Aditya Kusumawardana'),
('1334010080', 'K00001', 'Rofikul dewi wulansari'),
('1334010082', 'K00001', 'Laras Novita Safitri'),
('1434010216', 'K00001', 'Raharjo Wahyunindo Nirmolo'),
('1442010030', 'K00010', 'FEBRI LUTFI RONI'),
('1434010144', 'K00001', 'Muhammad Novaldo Herlambang'),
('1335010010', 'K00002', 'frolis yudha isyaqi'),
('1334010125', 'K00001', 'Moch. Ramadhan Febriansah'),
('1335010035', 'K00002', 'wahyu ricky rendragraha ardiansyah '),
('1134010062', 'K00001', 'Angga Kurniawan'),
('1371010059', 'K00019', 'Mohammad Andi'),
('1434010031', 'K00001', 'Mohamad Hardyanza Rahmandika'),
('1134010068', 'K00001', 'Zulfi Susdiantoro'),
('1134010093', 'K00001', 'Novi Andriyanto'),
('1442010034', 'K00010', 'Alvin Daivanto'),
('1442010055', 'K00010', 'Angga Haryo Slamet Wardhana'),
('1442010037', 'K00010', 'YOYON RANGGA PRADANA'),
('1442010004', 'K00010', 'Helmi Rosli'),
('1134015027', 'K00001', 'Idam Achmad Rizki'),
('1371010036', 'K00019', 'Fiki ego pramudiro'),
('1134015034', 'K00001', 'Akbar Rafsanjani'),
('1134010012', 'K00001', 'Rizky Hendra Darmawan'),
('1334010045', 'K00001', 'Farid Ahmad Syaifudin'),
('1434010018', 'K00001', 'Mukti Wibowo Aji Joyonegoro'),
('1034010100', 'K00001', 'fajar permana'),
('1134315047', 'K00001', 'victor alhaq'),
('1134015002', 'K00001', 'AGUNG SUBANDI'),
('1134015018', 'K00001', 'Muhammad Mudawimi Fajjrin'),
('1434010021', 'K00001', 'M.Taufiq Al Hakim'),
('1441010042', 'K00011', 'Bella Farolita'),
('1441010021', 'K00011', 'Shelvia Puspasari Sutanto'),
('1434010016', 'K00001', 'Yogasta Juanata'),
('1434010039', 'K00001', 'Egga Okta Mahendra Erfanto'),
('1135010040', 'K00002', 'Muhammad Syaifuddin'),
('1442010044', 'K00010', 'ALISMA PUTERI CANTHYANITA'),
('1135010049', 'K00002', 'ALFIAN OCMANNISA ARIFIN'),
('1441010009', 'K00011', 'Cerly Anggraini'),
('1135010068', 'K00002', 'GUNAWAN'),
('1334010159', 'K00001', 'Hengki Irianto'),
('1334010054', 'K00001', 'Firman Ady Wijaya'),
('1234015007', 'K00001', 'Muhammad Sakhur Fatoni'),
('1234010120', 'K00001', 'An Say Aryanto'),
('1171010020', 'K00019', 'Andryas jerymia wijaya'),
('1334010092', 'K00001', 'Nur Hasyim Harianto'),
('1334010068', 'K00001', 'Faiv Bastian'),
('1334010212', 'K00001', 'Dimas Permana S'),
('1334010010', 'K00001', 'Ragil Bapolki Putra'),
('1334010144', 'K00001', 'Novian Rochmad Hidayat'),
('1334010102', 'K00001', 'Lisnofri Hamzah'),
('1134010070', 'K00001', 'Fauzan Arivandi'),
('1134015040', 'K00001', 'Andri Setyawan'),
('1441010060', 'K00011', 'Raudlatul Jannah'),
('1135010062', 'K00002', 'nessa putra m'),
('1441010005', 'K00011', 'Nanda Rizqi Amalia'),
('1135010032', 'K00002', 'MILLA NUR NADHIFAH'),
('1443010014', 'K00009', 'Ruth Dio Adora M.P.R'),
('1335010061', 'K00002', 'Adetya Gita Pratama'),
('18032010013', 'K00007', 'Esti Handayani'),
('1135010102', 'K00002', 'Hendrawan Aria Kusuma'),
('1442010078', 'K00010', 'Rizkya Meylinda'),
('1171315027', 'K00019', 'Grandis ardyantoro'),
('1442010012', 'K00010', 'Bagus Adi Purnomo'),
('1241010039', 'K00011', 'Dea ganda syahputra'),
('1441010028', 'K00011', 'Safinatun Nafah'),
('1441010010', 'K00011', 'regita nur fannanda '),
('1443010072', 'K00009', 'Farah Astuti Agustiana'),
('1334010012', 'K00001', 'Tika Suci Ayu Safitri'),
('1471010027', 'K00019', 'Hestia Ayu Andiani'),
('1443010050', 'K00009', 'Shanti Ayu Amelia'),
('1443010048', 'K00009', 'sheila rizqy widyanti'),
('1443010222', 'K00009', 'Verta mega arlinsa'),
('1443010043', 'K00009', 'Yovita Putri Meidina'),
('1443010061', 'K00009', 'Claudia arinauli gultom'),
('1443010016', 'K00009', 'Ulinuha Rizky Rudend'),
('1471010032', 'K00019', 'Nur Cahyaningsih'),
('1135010005', 'K00002', 'Petrus Kane'),
('1443010258', 'K00009', 'Islamiya Alfiana'),
('1443010232', 'K00009', 'ika kurniawati'),
('1134010084', 'K00001', 'Bagas Singgih Publianto'),
('1271115007', 'K00019', 'AGUNG SATYA NUGRAHA'),
('1443010028', 'K00009', 'Melani Puspasari'),
('1443010075', 'K00009', 'AISYAH ERRIN PRAMESWARI'),
('1443010307', 'K00009', 'Gabby Allodia Putri Dwi Claresta'),
('1443010032', 'K00009', 'Eriavita Sabilla'),
('14430101030', 'K00009', 'Anis Nirnawati'),
('1443010130', 'K00009', 'Anis Nirnawati'),
('1443010118', 'K00009', 'Aldhilla Cahya Amelia'),
('1443010080', 'K00009', 'Nadya Amira'),
('Nanda', 'K00009', 'Nanda Ulfi Luthfiah'),
('1334010042', 'K00001', 'Satria Adhi Ivanto'),
('1443010110', 'K00009', 'Melliana Putri '),
('1343010018', 'K00009', 'Risky kyka pratama'),
('1443010121', 'K00009', 'Cicik Ambar Wati'),
('1343010065', 'K00009', 'Ika Zellya Recardina Astiti'),
('1343010111', 'K00009', 'Roni dwi cahya putra'),
('1341010079', 'K00011', 'Krisna indra sasongko'),
('1143215020', 'K00009', 'Angelia Tewi Gita Hapsari'),
('1443010077', 'K00009', 'Yogi Mega Dirmajayantri'),
('1443010064', 'K00009', 'Fahrizal Tri Apriyanto Gaffar'),
('1443010094', 'K00009', 'Mega febriandani'),
('1443010301', 'K00009', 'hana sary inayah selian'),
('1443010021', 'K00009', 'Dwiki Yugaswara'),
('1443010017', 'K00009', 'Wilardo Tahta Wiguna '),
('1442010013', 'K00010', 'Erlangga reyza praditya'),
('1371010086', 'K00019', 'Dwi jayadi'),
('1451010020', 'K00013', 'Riesti Ridha Tri Fadhilah'),
('1344010030', 'K00012', 'Inggrit Alvionita'),
('1343010073', 'K00009', 'prima panji wicaksono'),
('1443010045', 'K00009', 'Denni andy pradhana'),
('1443010085', 'K00009', 'Luthfa Rusydaniah'),
('1451010014', 'K00013', 'Melinda Arlin'),
('1451010016', 'K00013', 'Clauodia Debora Waladow'),
('1443010054 ', 'K00009', 'Iswahyudi Sugiyono'),
('1443010120', 'K00009', 'Emolana Sitepu'),
('1443010097', 'K00009', 'Nisya Aurellia Zain '),
('1371010103', 'K00019', 'Ilham tri afienanda'),
('1443010115', 'K00009', 'Aqni Putri Dwi Argantias'),
('1134010150', 'K00001', 'Titis Bimantara Putra Samudra'),
('1443010060', 'K00009', 'TITO ANDREAN PUTRA'),
('1443010314', 'K00009', 'YUNITA DWI RIZKY'),
('1343010194', 'K00009', 'Ikbar Rizaldi Ramadhian'),
('1443010034', 'K00009', 'Adhisya Yunda Sari'),
('1443010164', 'K00009', 'KOMANG AYU DINDA ANDRIA DEWI'),
('1443010112', 'K00009', 'YULIA SHABRINA KRISTANTI'),
('1471010079', 'K00019', 'MUHAMMAD UBAB S.M'),
('1442010068', 'K00010', 'siti komalia'),
('1471010089', 'K00019', 'NUR AFIF FAISHAL LUQMANA'),
('1451010003', 'K00013', 'RIAS ADIARIKA'),
('1442010074', 'K00010', 'Tika Sari Naringgit'),
('1442010047', 'K00010', 'Diah Rojabiyatul Anisyah'),
('1351010004', 'K00013', 'Ferdyansyah Yohana Gazy'),
('1443010009', 'K00009', 'M Faisal Adha'),
('1243010010', 'K00009', 'Ricky Aditya Hartanto'),
('1424010019', 'K00017', 'MUHAMMAD FAIZAL AIRLANGGA'),
('1424010001', 'K00017', 'Aprelia Hidayatul Kustianah'),
('1424010002', 'K00017', 'Aprelia Nur Hidayatul Kustianah'),
('1471015011', 'K00019', 'I Gede Nur Dadia'),
('1343010080', 'K00009', 'Diah Ayu Muliasari'),
('1424010023', 'K00017', 'Veronica Rhezamayye'),
('1443010178', 'K00009', 'NIA PARAMITA'),
('1443010143', 'K00009', 'Zhakaria Firmansyah'),
('1151010036', 'K00013', 'Rinaldy Handanu '),
('1351010037', 'K00013', 'MUHAMMAD FADLY ARDIANSYAH'),
('1451010005', 'K00013', 'balqis ranarizq putri'),
('1351010028', 'K00013', 'NANDA ARIEZKY PRANANTIARA'),
('1451010028', 'K00013', 'inas shalihah'),
('1451010051', 'K00013', 'Riyadh Ramadhan'),
('1442010024', 'K00010', 'Khoirunnisa Diah'),
('1442010009', 'K00010', 'Devi Kusnul Khotimah '),
('1351010019', 'K00013', 'Fandhy Eka'),
('1454010019', 'K00016', 'FADHLI ABDURRAHMAN ZAKY'),
('1454010006', 'K00016', 'Donny Setiawan Halim'),
('1451010007', 'K00013', 'rezki karuniawan'),
('1451010042', 'K00013', 'Maulana Ansori Holilullah'),
('1454010018', 'K00016', 'Reihan Darian'),
('1454010022', 'K00016', 'Khotibul umam'),
('1354010027', 'K00016', 'Firmansyah Putra Wardhani'),
('1354010044', 'K00016', 'Ockie Pramuji'),
('145101002', 'K00013', 'Abdulloh bin agil'),
('1451010002', 'K00013', 'Abdulloh bin agil'),
('1354010051', 'K00016', 'Apsari oti wigana'),
('1451010050', 'K00013', 'Hartanti Nora Lamur'),
('1442010017', 'K00010', 'SOFIYAH'),
('1251010022', 'K00013', 'Dwisusanto'),
('1424010016', 'K00017', 'IIS ANGGRAENI'),
('1454010039', 'K00016', 'Ariesta Fatriana Dewi'),
('1454010048', 'K00016', 'Wahyu Virgiavan Mulyono'),
('1343010214', 'K00009', 'Sheirliza virly arsita'),
('1324010054', 'K00017', 'Fajar Eka Susilo'),
('1424010012', 'K00017', 'NISA HAFIIDHOH FITRIANA'),
('1471010005', 'K00019', 'Febhy Dwi Rachmandha'),
('1451010038', 'K00013', 'Muhammad Abriadi'),
('1424010005', 'K00017', 'RISQI FIRDAUS SETIAWAN'),
('1424010034', 'K00017', 'MUHAMMAD WAHYU PAMUJI MAHENDRA'),
('1454010005', 'K00016', 'Bachtiar Rifai'),
('1471010037', 'K00019', 'Monica Primasanti Ramadani'),
('1251010035', 'K00013', 'Daniel Adipraja'),
('1171015013', 'K00019', 'FELLY ELVITA SARI'),
('121010056', 'K00019', 'puspaanggraini'),
('1451010012', 'K00013', 'retno ayu wulandari'),
('1254010055', 'K00016', 'muhammad yafi haladi'),
('1442010006', 'K00010', 'Alfian putri friska'),
('1341010004', 'K00011', 'Nadhifatul Hasanah'),
('1251010034', 'K00013', 'Yuda Nurrahman'),
('1451010019', 'K00013', 'Panorama Trio Putra'),
('1271010030', 'K00019', 'RIZKY ALKAUSAR'),
('1371010096', 'K00019', 'M.Syafrian A.N.M.'),
('1443010100', 'K00009', 'Bagus Kurnia Pardamaian'),
('1442010051', 'K00010', 'Pertira Freeinny L Winokan'),
('1351010035', 'K00013', 'Andri Wahyu Perdana'),
('1454010017', 'K00016', 'Jaya Ridho Romadhon'),
('1454010014', 'K00016', 'Giffari zhaka prancana'),
('1442010059', 'K00010', 'ALIFF INDIRA THAHIR'),
('1442010008', 'K00010', 'Rendy Ramadhani'),
('1443010153', 'K00009', 'laras'),
('1442010041', 'K00010', 'Ardiansyah Ramdhany'),
('1251010032', 'K00013', 'Nanda Fayuprimadana'),
('1442010070', 'K00010', 'Sofia Diah MIftamala'),
('1354010028', 'K00016', 'Dana Prima Prasetya P.'),
('1354010020', 'K00016', 'Dian Bagus febriyanto'),
('1454010053', 'K00016', 'Evan Pramasandy'),
('1442010032', 'K00010', 'Siti Fadila Zahrowati'),
('1254010065', 'K00016', 'Yoga akhfa fikriansyah'),
('1135010051', 'K00002', 'Shandy Ardianto'),
('1454010023', 'K00016', 'Imam Ratmono'),
('1351010021', 'K00013', 'Imaduddin Muwafiq'),
('1454010049', 'K00016', 'RISANG MINTARGO'),
('1454010013', 'K00016', 'Bayu permana'),
('1454010050', 'K00016', 'Dhimam Abror'),
('1124010045', 'K00017', 'Roudhotul Jannah'),
('1354010013', 'K00016', 'Anggario Hari Sempana'),
('1442010021', 'K00010', 'Septi Wahyuning Falufi'),
('1454010011', 'K00016', 'Rafi Rizqullah Karundian'),
('1442010049', 'K00010', 'Fikky mizan firdaus'),
('1442010025', 'K00010', 'EVA MEILINDA'),
('1442010052', 'K00010', 'Yuanita Sintawati Iris'),
('1442010023', 'K00010', 'Sri Jayanti'),
('1442010007', 'K00010', 'mia anggraeni puspitasari'),
('1442010014', 'K00010', 'Ratna Juwita Ramadhan '),
('1442010002', 'K00010', 'Silviana'),
('1354010048', 'K00016', 'Yahya Jaka Maulana'),
('1254010054', 'K00016', 'Christians Noventius'),
('1424010041', 'K00017', 'Dwi Syahfitri'),
('1142110113', 'K00010', 'Adinda nada nadhifa'),
('1424010031', 'K00017', 'Istiqomah fauziah'),
('1224010041', 'K00017', 'Befrian Dio Ramadhan'),
('1224010002', 'K00017', 'Demas chrisnuwardana'),
('1442010046', 'K00010', 'Nora oktafia '),
('1354010002', 'K00016', 'Agustin Siska Ratna Sari'),
('1454010009', 'K00016', 'Septian Dwi Satria'),
('1144010035', 'K00012', 'Zunaidy Rio Dwi Putra'),
('1143010071', 'K00009', 'Yahya Tigor A.H'),
('1412010097 ', 'K00005', 'Rachmat Aji Apriyono'),
('1442010019', 'K00010', 'Maulida Maharani'),
('1142010100', 'K00010', 'Novrina Cordelia Lay Raga'),
('1135010085', 'K00002', 'Dimas Arianto'),
('1142010111', 'K00010', 'hafid arrasyid'),
('1142010025', 'K00010', 'ROHMAN WIDYA UTOMO'),
('1413010025', 'K00003', 'FAISHAL DARIS HILMIYANTO'),
('1342010105', 'K00010', 'RAHMADAN FEBRYONO SANTOSO'),
('1134010135', 'K00001', 'PRADITA DIMAS SETIAWAN'),
('1324010047', 'K00017', 'novan noviansyah'),
('1224010039', 'K00017', 'Sumadi Anugrah'),
('1324010013', 'K00017', 'Mochammad Lutfi'),
('1843010211', 'K00003', 'Andi'),
('1451010009', 'K00013', 'AMMAR ZARRAND MUHAMMAD'),
('1442010054', 'K00010', 'M Sofyan Rhamadany'),
('1244010008', 'K00012', 'Rambu Norlin Kilinggoru'),
('1525010169', 'K00018', 'Ribut Dwi Puspita'),
('1334010152', 'K00001', 'Selamet ismail'),
('2121212121', 'K00018', 'hahaha'),
('1452010093', 'K00015', 'Pradika Prahutama'),
('1452010021 ', 'K00015', 'Grace Anastasya Claudia'),
('1452010008', 'K00015', 'Aditya Rahmat Fauzi'),
('1452010015', 'K00015', 'Ainul Zuroh'),
('1352010013', 'K00015', 'Mukhammad kharis'),
('1452010085', 'K00015', 'Sonia Nilla Nindhita'),
('1452010006', 'K00015', 'Nur Andini Eka Rani Putri'),
('1452010044', 'K00015', 'RISKI WIJAYANTI'),
('1452010035', 'K00015', 'Andrysah Djalalembah'),
('1452010027', 'K00015', 'Kiki indra cahya'),
('1153010051', 'K00014', 'Galih Pranawa'),
('1452010072', 'K00015', 'sulistyorini'),
('1452010054', 'K00015', 'Pritho Ajeng Maharani'),
('1452010083 ', 'K00015', 'Gabriella Aswad'),
('1153110115', 'K00014', 'Reza Wicaksono Jayaningrat'),
('1153110114', 'K00014', 'Reza Wicaksono Jayaningrat'),
('1452010098', 'K00015', 'REGA SATRIA WIJAYA'),
('1353010061', 'K00014', 'Hakiki Rizki Amalia'),
('1432010044', 'K00007', 'NOFITASARI'),
('1432010099', 'K00007', 'ROJANA B. M. DE F. HEI SOARES'),
('1432010094', 'K00007', 'Muchammad hafidz firmansyah'),
('1452010028', 'K00015', 'Gunung Bhimantara'),
('1432010015', 'K00007', 'DICKY PUTRA ARDIANSYAH'),
('1432010086', 'K00007', 'Yudha himawan wicaksono'),
('1432010052', 'K00007', 'Lukiswara Meganesia'),
('1232010056', 'K00007', 'Riski Setiawan'),
('1153010072', 'K00014', 'Misbahuddin'),
('1353010021', 'K00014', 'Alief Rizky Harnan'),
('1153010064', 'K00014', 'alfan hidayat'),
('1352010002', 'K00015', 'RIZHALDY KURNIAWAN'),
('1412210281', 'K00005', 'Nayla Indrayanti'),
('1224010001', 'K00017', 'Rizky Halim'),
('1024010005 ', 'K00017', 'Tyas meirza ebtawati '),
('1024010006', 'K00017', 'Agil Tri Laksono'),
('1441010056', 'K00011', 'Inggrid Zulkannain'),
('1471010096', 'K00019', 'Dion Sandi Permana'),
('1412010070', 'K00005', 'fibriani nur ain'),
('1334010153', 'K00001', 'YOHANES AGAPHEA RATMOKO'),
('1334010021', 'K00001', 'Aldino Rizki Febrianto'),
('1434010183', 'K00001', 'Aditya Kholiful Anshori'),
('1434010180', 'K00001', 'Akhmad Jendra Alfarisi'),
('1434010137', 'K00001', 'Agnita Triana Putri'),
('1334010188', 'K00001', 'Anis Yuli Puspitasari'),
('1334010160', 'K00001', 'Dimas Satrio Nugroho'),
('1334010190 ', 'K00001', 'Muhammad Febrianto Ramadhan '),
('1435010053', 'K00002', 'Eka Putra Apriyadi '),
('1435010039', 'K00002', 'Dimas Firman Alamsyah Kusnadi'),
('1334010187', 'K00001', 'Muhammad Dawud Abdillah'),
('1435010009 ', 'K00002', 'Rizal Januar Triyono'),
('1435010029', 'K00002', 'Nadia Diah Safitri'),
('1434015006', 'K00001', 'sony prawira'),
('1434010064', 'K00001', 'Widya Sekar Arum Novitasari'),
('1434015002', 'K00001', 'Koirul Abdul Mukit'),
('1435010027', 'K00002', 'Derry Manggala Putra'),
('1434010017', 'K00001', 'Haris Ardianto Wibowo'),
('1134010045', 'K00001', 'Nur Cahyo Afandi'),
('1234010091', 'K00001', 'Faisal Ramadhan'),
('1471010070', 'K00019', 'Arnandita Dinda Pradini '),
('1471010054', 'K00019', 'ADIK NUR MUCHLISA'),
('1334010161', 'K00001', 'Chendra agung S.'),
('1471010022', 'K00019', 'PURI INDAH SUKMA NEGARA'),
('1471010018', 'K00019', 'BONITA LARASATI MAHNADEWI'),
('1334215022', 'K00001', 'DIAN TRI KUSUMA HARDIYANTO'),
('1134010089', 'K00001', 'Irfan Heru Utama'),
('1134010106', 'K00001', 'Imam Taufiq'),
('1134010047', 'K00001', 'RENDYANA SUKMANA PUTRA'),
('1434015005', 'K00001', 'Yepy Uktavianto'),
('1444010006', 'K00012', 'Eka Noermanita Rahayu'),
('1134010149', 'K00001', 'ecky eriawan'),
('1435010034', 'K00002', 'Veri Ermanto'),
('1435010028', 'K00002', 'Ryan Wahyu Budi Setyawan'),
('1134010186', 'K00001', 'SAKA HARYO MAYSISTANTO'),
('1434010001', 'K00001', 'Muhardanif Tri Wahyudi'),
('1434010109', 'K00001', 'Brian Nur Abdul Aziz'),
('1134010147', 'K00001', 'yudha nugroho'),
('1134010013', 'K00001', 'Abdul Wahab'),
('1134010190', 'K00001', 'RIKI DWI HARDIANTO'),
('1134010124', 'K00001', 'I Wayan Puja Trisna'),
('14340100045', 'K00001', 'Sulistriawan'),
('1435010017', 'K00002', 'advan iman diatama'),
('1134015045', 'K00001', 'Heri Siswanto'),
('1435010021', 'K00002', 'Dedi Anugrah'),
('1435010031', 'K00002', 'Satria Karno Pambudi'),
('1335010024', 'K00002', 'Falya Kautsar Setyawan'),
('1334010063', 'K00001', 'Alfiah Chairinnisa'),
('1434010187', 'K00001', 'Jarig Septa Junanto'),
('1434010045', 'K00001', 'Sulistriawan'),
('1434010179', 'K00001', 'Achmad Faizul Muafi '),
('1335010073', 'K00002', 'Muhammad Hamim'),
('18025010030', 'K00018', 'Nadya Yulia Rahayu'),
('1134010122', 'K00001', 'RACHMAN SURYA ARDHI'),
('1134010096', 'K00001', 'Faizal Nugroho'),
('1324010027', 'K00017', 'bela agustina putri'),
('1324010018', 'K00017', 'Dinda Risdayanti'),
('1425010012', 'K00018', 'Teofilus efraim djoenaedi'),
('1425010023', 'K00018', 'Mukhammad saiful ulum'),
('1324010030 ', 'K00017', 'Damaiyanto Al Hidayatullah'),
('1234010181', 'K00001', 'Krisna'),
('1324010000', 'K00017', 'Damaiyanto Al Hidayatullah'),
('1024010000', 'K00017', 'Tyas meirza ebtawati '),
('1325010000', 'K00018', 'firdansyah iqbal rafandi'),
('1125010041', 'K00018', 'ASMAWAN'),
('1441010029', 'K00011', 'Sandika Bayu Anggara Putra'),
('1425010004', 'K00018', 'TITIK BENASTITI'),
('1425010031', 'K00018', 'MOCHAMAD ANSHORI IRFAN'),
('1425010043', 'K00018', 'Moch Hilman Mutaqin A'),
('1425010039', 'K00018', 'Dicky Dharmawan'),
('1425010040', 'K00018', 'Mochamad nurfaizin '),
('1425010002', 'K00018', 'Haryani Fitria Wati'),
('1425010010', 'K00018', 'Nurdiana Dwiyani'),
('1134015004', 'K00001', 'Rahditya Surya Pranata'),
('1134015011', 'K00001', 'Nurul Alifatul Jamilah'),
('1171215018', 'K00019', 'NI PUTU WIDYA DAMAYANTI'),
('1134010041 ', 'K00001', 'Indra Septian Eka Putra'),
('1134010176', 'K00001', 'Andry Putro Laksono'),
('1134010136', 'K00001', 'SEPTYARI DJIWANDONO'),
('1171315021', 'K00019', 'Permadi D Mariyono'),
('1451010029', 'K00013', 'Fitri Rosadiawati'),
('1451010006', 'K00013', 'RAUDINA HUSANTY'),
('1451010004', 'K00013', 'Nabilah Nadiyahnar Prifia Kirana'),
('1451010034', 'K00013', 'DEBY ADHANUR RIZKY'),
('1251010051', 'K00013', 'Aufar Dimas Rosydin'),
('1124010004', 'K00017', 'dwi rosita setya putri'),
('1351010023', 'K00013', 'DWI FIERMANSYAH'),
('1025010011', 'K00018', 'achmad irsyad'),
('1134015001', 'K00001', 'mudji andy widodo'),
('1351010046 ', 'K00013', 'Lintang Darojad Suryaningrachman'),
('1351010026 ', 'K00013', 'Okta Radiantok'),
('1151010063', 'K00013', 'DANI PRASETYO'),
('1251010027 ', 'K00013', 'Taufan Hermawan'),
('1451010025', 'K00013', 'alfian rizaldi janu'),
('1251010020', 'K00013', 'Rizqullah Adiansyah'),
('1251010059', 'K00013', 'rizal amiruddin'),
('1512010088', 'K00005', 'RISQI FIRMANSYAH ABDULAH'),
('1225010027', 'K00018', 'Muhammad Nur Ubaiydillah'),
('1124010009', 'K00017', 'veronica gracelia weliza'),
('1125010025', 'K00018', 'Muhammad Rizal Ardiansyah'),
('1313010238', 'K00018', 'firdansyah iqbal rafandi'),
('1171010133', 'K00019', 'Ferina Safitri Dano'),
('1453010062', 'K00014', 'Faishal zhafiry'),
('1225010017', 'K00018', 'putri nurfitriani'),
('1325010001', 'K00018', 'ahmad narko prayitno'),
('1325010069', 'K00018', 'Melda Nurfianti'),
('1434010007', 'K00001', 'Dede Rachmadan'),
('1171015014', 'K00019', 'Aditya Cahyo Febrianto'),
('1171015011', 'K00019', 'delta puji arista mega ardianah'),
('1171010031', 'K00019', 'shinta fawzia kironowarni'),
('1334010194', 'K00001', 'AGNES MAUDENA EGAR'),
('1524010066', 'K00017', 'Vefi Maryani'),
('1425010016', 'K00018', 'Febri Arifatul Fadhila'),
('1334010067', 'K00001', 'Wafiyul Umam'),
('13340101523', 'K00001', 'Selamet ismail'),
('1441010034', 'K00011', 'brian deltama fani'),
('1434015003', 'K00001', 'Novi Irawan'),
('1334010014', 'K00001', 'haris audy wirawan'),
('1354010050', 'K00016', 'Linggar Eka Ardhiyanto'),
('1334010030', 'K00001', 'Achmad Arif Fachrudin'),
('1325010079', 'K00018', 'kukuh budi prayoga'),
('1325010080', 'K00018', 'kukuh budi prayoga'),
('1341010066', 'K00011', 'Anugrah rahman taufani'),
('1124010011', 'K00017', 'yuni erviyanti'),
('1471010081', 'K00019', 'kiki aristiyanti'),
('1435010049', 'K00002', 'Diyas Wiratama Anggara'),
('1435010025', 'K00002', 'Yogie Indra Kurniawan'),
('1435010018', 'K00002', 'Riski Abdillah'),
('1335010015', 'K00002', 'Devanda Riski Fauzi'),
('1325010081', 'K00018', 'Lisa Purnitasari'),
('1171015007', 'K00019', 'suwandi'),
('1471010016', 'K00019', 'muhammad zaky agil rahmawan'),
('1371010056', 'K00019', 'Mohammad Destyan Ardyansyah'),
('1444010017', 'K00012', 'Putri Novita Sari'),
('1425010015', 'K00018', 'febriana puji utammi'),
('1413010045', 'K00003', 'Yashinta Maharani Hariyadi'),
('1634010001', 'K00001', 'Erdin Abdurrahman                                 '),
('1634010002', 'K00001', 'Maria Catherine Ayu Pranoto                       '),
('1634010004', 'K00001', 'Nadya Rusma Alaminiah                             '),
('1634010005', 'K00001', 'Dewi Nur Aini                                     '),
('1634010006', 'K00001', 'Kris Andre Prasetyo                               '),
('1634010007', 'K00001', 'Muhammad Thoriq Sholihuddin Al Ayyubi             '),
('1634010008', 'K00001', 'Maretta Rintsliandra Putri Sihombing              '),
('1634010009', 'K00001', 'Singgih Putra Pratama                             '),
('1634010010', 'K00001', 'Dian Arista                                       '),
('1634010011', 'K00001', 'Irfan Farid                                       '),
('1634010012', 'K00001', 'Zeli Erika Sholikha                               '),
('1634010013', 'K00001', 'Agung Syaiful Umar                                '),
('1634010014', 'K00001', 'Senny Meliyan                                     '),
('1634010015', 'K00001', 'Muhammad Nur Haqiqi                               '),
('1634010016', 'K00001', 'Ronny Subagia                                     '),
('1634010017', 'K00001', 'Muhammad Agung Shobirin                           '),
('1634010018', 'K00001', 'Fajar Putra Hariyanto                             '),
('1634010019', 'K00001', 'Alif Fahri Maghriza                               '),
('1634010020', 'K00001', 'Moh. Shaubil Haq Al-Falah Sahbana                 '),
('1634010022', 'K00001', 'Muhammad Andhik Pratama                           '),
('1634010025', 'K00001', 'M. Miftachul Anwar                                '),
('1634010026', 'K00001', 'Rahmawati                                         '),
('1634010027', 'K00001', 'M. Aunun Najib Khois                              '),
('1634010028', 'K00001', 'Alyani Mutiah                                     '),
('1634010029', 'K00001', 'Mochammad Subra Irhaz                             '),
('1634010030', 'K00001', 'Syawaludin Suhadak                                '),
('1634010031', 'K00001', 'Erlinda Azaria Zahra                              '),
('1634010032', 'K00001', 'Nurul Fuad                                        '),
('1634010033', 'K00001', 'Ifnu Wisma Dwi Prastya                            '),
('1634010034', 'K00001', 'Bagus Andreanto                                   '),
('1634010035', 'K00001', 'Evendi                                            '),
('1634010037', 'K00001', 'RAHEL WIDYA ARIANTI                               '),
('1634010038', 'K00001', 'LUKYTO RACHMAT WIDODO                             '),
('1634010039', 'K00001', 'I MADE PANDE KRESNA MAHARDHIKA                    '),
('1634010040', 'K00001', 'ROBY SIROJUL ABRORY                               '),
('1634010042', 'K00001', 'AKHMAD FAHRUR ROZY                                '),
('1634010043', 'K00001', 'JANNATUL FIRDAUS                                  '),
('1634010044', 'K00001', 'MOHAMAD RIZKY                                     '),
('1634010046', 'K00001', 'FITRI RAHMAWATI                                   '),
('1634010047', 'K00001', 'MAULANA IHSANUR ROZAQ                             '),
('1634010048', 'K00001', 'NABELLA PERMATA SARI                              '),
('1634010049', 'K00001', 'AKBAR MAULANA D                                   '),
('1634010050', 'K00001', 'AGUS PRAYOGI                                      '),
('1634010051', 'K00001', 'MUH. MIFTAKHUN NIZAR                              '),
('1634010052', 'K00001', 'RICO SANDYCA NOVENZA                              '),
('1634010053', 'K00001', 'DHANY SATYA HUTAMA                                '),
('1634010054', 'K00001', 'HELDIAN LINTANG PERDANA                           '),
('1634010055', 'K00001', 'MUHAMMAD SYAFRIL HIDAYAT                          '),
('1634010056', 'K00001', 'RIZQI CHANDRA PRAMANA                             '),
('1634010057', 'K00001', 'M. HAFIDZ AMARUL MARUFI                           '),
('1634010058', 'K00001', 'AHMAD SIDQI BAHARIAWANSYAH                        '),
('1634010060', 'K00001', 'MOCH. FIKRI HIDAYAT                               '),
('1634010061', 'K00001', 'HADIANSYAH RACHMAWAN PUTRA                        '),
('1634010062', 'K00001', 'ODA CLARA GULTOM                                  '),
('1634010063', 'K00001', 'MOCH. ZACHARIA AZRA                               '),
('1634010064', 'K00001', 'LUGITO MICHAEL IMANUEL PRASETYA                   '),
('1634010065', 'K00001', 'MOHAMMAD IQBAL ROZIQ                              '),
('1634010066', 'K00001', 'ARDISTY PALVELUS JUMALA                           '),
('1634010067', 'K00001', 'Mar atul adila                                    '),
('1634010068', 'K00001', 'Muhammad diky setiyawahyudi                       '),
('1634010069', 'K00001', 'ILHAM SETIA RINALDHI                              '),
('1634010071', 'K00001', 'Mochamad Gian Razan                               '),
('1634010072', 'K00001', 'VINZA HEDI SATRIA                                 '),
('1634010073', 'K00001', 'REZA ACHMAD GALLANTA                              '),
('1634010074', 'K00001', 'AGAM SYAHPUTRA                                    '),
('1634010075', 'K00001', 'NUR AINI ERSANTI                                  '),
('1634010076', 'K00001', 'MUHAMMAD SURIANSYAH                               '),
('1634010077', 'K00001', 'Firmansyah Yudha Prawira                          '),
('1634010079', 'K00001', 'Qonitah Jihan Nabilah                             '),
('1634010080', 'K00001', 'Erlangga kurnia N.P                               '),
('1634010081', 'K00001', 'Ilvi Nur Diana                                    '),
('1634010082', 'K00001', 'HILMAN FADHLILLAH LESMANA                         '),
('1634010083', 'K00001', 'BERRYL PAMUDYA FIRENSHA                           '),
('1634010084', 'K00001', 'RAYZA ALFIAN FACHRONY                             '),
('1634010085', 'K00001', 'nobel humania billah                              '),
('1634010086', 'K00001', 'Rheza Rizqi Ahmadi                                '),
('1634010087', 'K00001', 'Faris Hirmar Pralas                               '),
('1634010088', 'K00001', 'emmil yulianto                                    '),
('1634010089', 'K00001', 'Rayhan Aulia Nurrachman                           '),
('1634010090', 'K00001', 'Fierly Ramadhani Pramanda                         '),
('1634010091', 'K00001', 'Ilham Ade Widya Sampurno                          '),
('1634010092', 'K00001', 'ILHAM DWIFASMA                                    '),
('1634010093', 'K00001', 'Anita Nusari                                      '),
('1634010094', 'K00001', 'Dwi Darma Ardiansyah                              '),
('1634010095', 'K00001', 'Ahmad Santoso                                     '),
('1635010002', 'K00002', 'Muhammad Yusuf Randy                              '),
('1635010003', 'K00002', 'Emilia Rosa                                       '),
('1635010004', 'K00002', 'Erica Mas udah                                    '),
('1635010005', 'K00002', 'Adian Riswandha                                   '),
('1635010007', 'K00002', 'Retno Nielisa Supangat                            '),
('1635010008', 'K00002', 'Wisnu Nicola                                      '),
('1635010009', 'K00002', 'Dannie M. Mulay Junior                            '),
('1635010010', 'K00002', 'Arilza Fardliana                                  '),
('1635010011', 'K00002', 'Rahmah Putri Fariska                              '),
('1635010013', 'K00002', 'Pipin Trio Irawan                                 '),
('1635010014', 'K00002', 'Yolanda Yodistina                                 '),
('1635010015', 'K00002', 'Muhammad Ilfadz Alfian                            '),
('1635010016', 'K00002', 'Uslifatul Fuaida                                  '),
('1635010017', 'K00002', 'Cyndya Nandhany                                   '),
('1635010019', 'K00002', 'Ahmad Qushay Al Barra                             '),
('1635010020', 'K00002', 'Linda Sembilla                                    '),
('1635010021', 'K00002', 'Kolfinna Revi W.                                  '),
('1635010022', 'K00002', 'Ana Kholifatul Janah                              '),
('1635010023', 'K00002', 'Yerikho Dwi Harpendi P                            '),
('1635010025', 'K00002', 'Rizky Dwi Pratiwi                                 '),
('1635010026', 'K00002', 'Muhammad Aleq Abdillah                            '),
('1635010027', 'K00002', 'AYU BUDY HEROWATI                                 '),
('1635010028', 'K00002', 'RAHMANDA WAHYU ADINEGORO                          '),
('1635010029', 'K00002', 'ABRAHAM HAHOLONGAN NARMADA POHAN                  '),
('1635010030', 'K00002', 'BOBY RIZKY PERMADI                                '),
('1635010031', 'K00002', 'RAHMA ADISTA AMALIASANTI                          '),
('1635010032', 'K00002', 'EGA FEBRI DHARMAWAN                               '),
('1635010033', 'K00002', 'DWI RACHMAT MULYO AJI                             '),
('1635010034', 'K00002', 'QONITA                                            '),
('1635010035', 'K00002', 'AFIFATUL MARDIYAH                                 '),
('1635010036', 'K00002', 'NICO HIDAYAT                                      '),
('1635010037', 'K00002', 'ARIF RAHMAN RUBIANSYAH                            '),
('1635010038', 'K00002', 'MOHAMMAD NUR RIZAL                                '),
('1635010039', 'K00002', 'HAFIZH IVAN AUFA                                  '),
('1635010040', 'K00002', 'ABI ZAKARIA                                       '),
('1635010041', 'K00002', 'TANTRA PUJA BASMALLAH                             '),
('1635010043', 'K00002', 'DINTA APRILIA PUTRI                               '),
('1635010044', 'K00002', 'VIVI NOVIANA                                      '),
('1635010045', 'K00002', 'ADHIYASA PUTRA PERMANA                            '),
('1635010046', 'K00002', 'AJIRASA                                           '),
('1635010047', 'K00002', 'NURUL FIRDAUS                                     '),
('1635010048', 'K00002', 'BENI KURNIAWAN                                    '),
('1635010049', 'K00002', 'MOCH. RIZKY RAHMATUL ANAM                         '),
('1635010050', 'K00002', 'DANIEL GLORYO NADIRCO                             '),
('1635010051', 'K00002', 'M. CALVIN ALEXANDER RACHMAN                       '),
('1635010053', 'K00002', 'AKHMAD RAMDHAN PAMUJI                             '),
('1635010054', 'K00002', 'ULFIANITA AMAMI                                   '),
('1635010056', 'K00002', 'AHMAD VIRDAUZY RIZKY AKBAR                        '),
('1635010057', 'K00002', 'MASHITA KUSTYANI                                  '),
('1635010058', 'K00002', 'Tita Ayu R                                        '),
('1635010059', 'K00002', 'Rifqi Naufal Wigusti                              '),
('1635010061', 'K00002', 'MEIVY BAGUS SETYA PRADANA                         '),
('1635010062', 'K00002', 'Zulfa Firnanda Chairunnisa                        '),
('1635010063', 'K00002', 'GITA ISLAMIWATY SUHERLAN                          '),
('1635010064', 'K00002', 'IRVAN BAGUS SATRIYA                               '),
('1635010065', 'K00002', 'Annisa Safrina Prasetyaningrum                    '),
('1635010067', 'K00002', 'YHAN ALFIS SYAHRIN                                '),
('1635010068', 'K00002', 'ANDHIKA PUTRA PERDANA                             '),
('1635010069', 'K00002', 'EZA SEPTYA HARMAWATI                              '),
('1635010070', 'K00002', 'I Gede Okta Budi Mardana                          '),
('1635010071', 'K00002', 'Putu Gede Krisna Meisa Putra                      '),
('1635010072', 'K00002', 'Namira Abda Taqiya                                '),
('1635010073', 'K00002', 'ARDHI BILLY WIJAYA                                '),
('1635010074', 'K00002', 'ABIYYU NAUFAL SHAFLY                              '),
('1635010075', 'K00002', 'MOHAMAD RIZA RAMADHANI ODING                      '),
('1635010076', 'K00002', 'Muhammad Bachrul Ulum                             '),
('1635010077', 'K00002', 'Siti Zakiyatul Mawaddah                           '),
('1635010078', 'K00002', 'Achmad Abdul Rohim                                '),
('1635010079', 'K00002', 'MUHAMMAD REZA FATAHILLAH                          '),
('1635010080', 'K00002', 'ISNI YUNIAR FAJARATRI                             '),
('1635010081', 'K00002', 'NAFIK NURWAHED MUHARRAM                           '),
('1635010083', 'K00002', 'KRISNA MURTI INDRA CAHYA                          '),
('17081010001', 'K00001', 'Yusmi Nur Aini                                    '),
('17081010002', 'K00001', 'Erlina Diah Karisma                               '),
('17081010003', 'K00001', 'Dina Puspitaningrum                               '),
('17081010004', 'K00001', 'Aini Rahma                                        '),
('17081010005', 'K00001', 'Rama Andika Jorgie                                '),
('17081010006', 'K00001', 'Iqbal Imani Khoirul Akbar                         '),
('17081010007', 'K00001', 'Sufi Miftakhoneki                                 '),
('17081010008', 'K00001', 'Rico Julianto Dwi Putra                           '),
('17081010009', 'K00001', 'Dwi Putri Safira                                  '),
('17081010010', 'K00001', 'Muhammad Rizki Alamsyah                           '),
('17081010011', 'K00001', 'Hilda Dea Amanda                                  '),
('17081010012', 'K00001', 'Handi Fajar Setyawan                              '),
('17081010013', 'K00001', 'Akbar Nur Muhammad Hadi Yansah                    '),
('17081010015', 'K00001', 'Firman Romadhoni                                  '),
('17081010016', 'K00001', 'Prameswari Reksa Agami                            '),
('17081010017', 'K00001', 'Ferry Dzaky Ramadhan                              '),
('17081010018', 'K00001', 'Brenda Clarinta Nevianing                         '),
('17081010019', 'K00001', 'Nurlisa Aulia Setyaningrum                        '),
('17081010020', 'K00001', 'Cahaya Putri Agustika                             '),
('17081010022', 'K00001', 'Shoima Fitra Kumala                               '),
('17081010023', 'K00001', 'Ilham Lintas Perdana                              '),
('17081010024', 'K00001', 'Ida Wahyunita                                     '),
('17081010025', 'K00001', 'Siti Yuliana                                      '),
('17081010026', 'K00001', 'Kiki Yuniar Kristiawan                            '),
('17081010027', 'K00001', 'Angga Rahmad Purnama                              '),
('17081010029', 'K00001', 'Salsabila Citra Esananda                          '),
('17081010032', 'K00001', 'Tria Nurmayasari                                  '),
('17081010033', 'K00001', 'Umifatul Yuni Arinda                              '),
('17081010034', 'K00001', 'Firdausia Ismi Nurhayati                          '),
('17081010035', 'K00001', 'Anisah Widyananda                                 '),
('17081010036', 'K00001', 'Aris Prabowo                                      '),
('17081010037', 'K00001', 'Tentra Olivia                                     '),
('17081010038', 'K00001', 'Guruh Ihda Alfi Ath Thaariq                       '),
('17081010039', 'K00001', 'YURI SETIAWAN                                     '),
('17081010040', 'K00001', 'MAULANA IDRIS                                     '),
('17081010041', 'K00001', 'HERDI ROFALDI                                     '),
('17081010043', 'K00001', 'GUNTUR ADHI PRASETYA                              '),
('17081010044', 'K00001', 'MOHAMMAD IDHAM FACHRURROZI                        '),
('17081010045', 'K00001', 'SUNU ILHAM PRADIKA                                '),
('17081010046', 'K00001', 'FITRI AULIA YULIANDI PUTRI                        '),
('17081010047', 'K00001', 'CHERRY DANIELLA EUNIKE TAMNASI                    '),
('17081010048', 'K00001', 'MOH. FATHUR ROHMAN                                '),
('17081010050', 'K00001', 'CHILYATUN NISA`                                   '),
('17081010051', 'K00001', 'AMIR MUHAMMAD HAKIM                               '),
('17081010054', 'K00001', 'FAJAR ANDHIKA PUTRA                               '),
('17081010055', 'K00001', 'KHOLILUL RACHMAN N.M.                             '),
('17081010056', 'K00001', 'DANDY NOOR IMANSYAH BASOEKI                       '),
('17081010057', 'K00001', 'BOY DIEGO LUMWARTONO                              '),
('17081010058', 'K00001', 'RAHAYU PRABAWATI AMALIYAH                         '),
('17081010059', 'K00001', 'MUHAMMAD RIFQI NAFIS                              '),
('17081010060', 'K00001', 'PARISYA SHIDQI YUSYARNANDA                        '),
('17081010061', 'K00001', 'FRIZAL ADITYA JUNITIO ROCHMANSYAH                 '),
('17081010062', 'K00001', 'DICKY GIANCINI ARWINDO KURNIAWAN                  '),
('17081010063', 'K00001', 'NUR HIDAYAH AMARAL                                '),
('17081010064', 'K00001', 'ALFATH DARYL ALHAJIR                              '),
('17081010065', 'K00001', 'SANDY RIZKYANDO                                   '),
('17081010066', 'K00001', 'SYAFRIDA MAULINA HARTANTI                         '),
('17081010067', 'K00001', 'FERONIKA NUR MAGHFIRO                             '),
('17081010068', 'K00001', 'RADICAL RAKHMAN WAHID                             '),
('17081010069', 'K00001', 'ANNISA FADHILASARI                                '),
('17081010070', 'K00001', 'ASKARA RADITYA                                    '),
('17081010071', 'K00001', 'MOHAMMAD AMIR FANANI                              '),
('17081010072', 'K00001', 'HARYO GHAZA RADITYA                               '),
('17081010073', 'K00001', 'HANNA MASFUVA DELLA                               '),
('17081010074', 'K00001', 'FIRDAUS ANDRY SAPUTRA                             '),
('17081010075', 'K00001', 'Dina Ratnaningtyas                                '),
('17081010077', 'K00001', 'Putu Bagus Krismayoga Putra                       '),
('17081010078', 'K00001', 'Muhammad Putra Hizbullah                          '),
('17081010079', 'K00001', 'Fahmi fachrurroziq                                '),
('17081010080', 'K00001', 'MOCHAMMAD TAUFIQ RAHMADSYACH                      '),
('17081010081', 'K00001', 'Taruna Ardianto                                   '),
('17081010082', 'K00001', 'RYAN EKA WIRATNA                                  '),
('17081010084', 'K00001', 'Ilham Ananda Rey                                  '),
('17081010085', 'K00001', 'BASKARA DIPA AIRLANGGA                            '),
('17081010086', 'K00001', 'NYOMAN RAHADI SASMITA                             '),
('17081010088', 'K00001', 'Mochamad Haris Reza                               '),
('17081010089', 'K00001', 'MUHAMMAD IQBAL DWI FANANI                         '),
('17081010090', 'K00001', 'MIFA ABIYYU HIBATULLOH                            '),
('17081010091', 'K00001', 'Faradella Anggi Dewi                              '),
('17081010092', 'K00001', 'Afrizal Muhammad Yasin                            '),
('17081010093', 'K00001', 'ALIEV WISNU PRASETYO                              '),
('17081010094', 'K00001', 'MOH. IRWAN FIRMANSYAH                             '),
('17081010095', 'K00001', 'Barep Johannes A. I. Nahusuly                     '),
('17081010096', 'K00001', 'Muhammad Rafi\' Ramadhani                          '),
('17081010097', 'K00001', 'ADJI RAFI CAESAR AMARULLAH                        '),
('17081010098', 'K00001', 'ACHMAD DAVID ANDREYAS                             '),
('17081010099', 'K00001', 'Yonandika Bimo Febrianto                          '),
('17081010101', 'K00001', 'Firya Nadhira                                     '),
('17081010102', 'K00001', 'Surya Adi Laksono                                 '),
('17081010103', 'K00001', 'Febriyan Alif Putra Arda                          '),
('17081010104', 'K00001', 'Muhammad Daffa Amirul Wachid                      '),
('17081010105', 'K00001', 'Ahmad Naufal Mumtaz                               '),
('17081010106', 'K00001', 'Amirah Tsany Alatas                               '),
('17081010107', 'K00001', 'Dandy oktabryansah                                '),
('17081010108', 'K00001', 'Kevin maulana adikara                             '),
('17081010109', 'K00001', 'Dandhie Vega Pradana                              '),
('17082010001', 'K00002', 'Pandu Sukma Kisi Shesa                            '),
('17082010002', 'K00002', 'Nur Aini                                          '),
('17082010004', 'K00002', 'Alfia Rahmania Putri                              '),
('17082010005', 'K00002', 'Fari Handhina Kirana                              '),
('17082010006', 'K00002', 'Amirah Amini                                      '),
('17082010007', 'K00002', 'Dinda Mega Savitri                                '),
('17082010008', 'K00002', 'Muhammad Ardan Fahmi                              '),
('17082010009', 'K00002', 'Efri Kusuma Dian Ningtias                         '),
('17082010010', 'K00002', 'Zelda Ameilindra                                  '),
('17082010011', 'K00002', 'Mochamad Alif Abror                               '),
('17082010012', 'K00002', 'Dini Setiya Ratih                                 '),
('17082010013', 'K00002', 'Angling Fenina Prabawontika                       '),
('17082010014', 'K00002', 'Rika Eko Wahyuni                                  '),
('17082010015', 'K00002', 'Satrio Honggonagoro Pramono Putra                 '),
('17082010016', 'K00002', 'Asmaul Khusna                                     '),
('17082010017', 'K00002', 'Eltria Warastuti                                  '),
('17082010019', 'K00002', 'Irfan Ramadhan Sanyoto                            '),
('17082010021', 'K00002', 'Adelia Sefri Larasati                             '),
('17082010022', 'K00002', 'Achmad Ubaidillah                                 '),
('17082010023', 'K00002', 'Adi Setiawan                                      '),
('17082010024', 'K00002', 'JIHAN PRASASTI NINGTYAS                           '),
('17082010025', 'K00002', 'RAMADHANI ADITYA                                  '),
('17082010026', 'K00002', 'SYAHRONI RIZKI HARI RAHMAWAN                      '),
('17082010027', 'K00002', 'RINA YULIANTI                                     '),
('17082010028', 'K00002', 'TALYTAKUM SURYAH                                  '),
('17082010029', 'K00002', 'ADRIEL PRASTYANTO                                 '),
('17082010030', 'K00002', 'PUTRI HERWITASARI                                 '),
('17082010031', 'K00002', 'DINDA SITI FATIMAH                                '),
('17082010032', 'K00002', 'IMAM HANAFI                                       '),
('17082010033', 'K00002', 'AFU SIDHI PAMEKAS                                 '),
('17082010034', 'K00002', 'IMAM NURCHOLIS                                    '),
('17082010036', 'K00002', 'RIZKI AKBAR                                       '),
('17082010037', 'K00002', 'FACHRURROZY NURQOULBY                             '),
('17082010038', 'K00002', 'M. NURFIAN TRIANTONO                              '),
('17082010039', 'K00002', 'RIZKY FERDIANSYAH                                 '),
('17082010042', 'K00002', 'Mochamad Chandra Gunawan                          '),
('17082010043', 'K00002', 'RACHMAN ESA MASTHURY BUDOYO                       '),
('17082010044', 'K00002', 'HANIF RYANDHIKA GINARIS                           '),
('17082010045', 'K00002', 'RIFQI MAULANA FERNANDA                            '),
('17082010046', 'K00002', 'MUHAMMAD DIAN NUR ALIEF                           '),
('17082010047', 'K00002', 'Febriani puspita sari                             '),
('17082010048', 'K00002', 'RINGGO MURTADHO YANWAR                            '),
('17082010049', 'K00002', 'Annisa Raudya Wibowo                              '),
('17082010050', 'K00002', 'Afifah Mahardika                                  '),
('17082010051', 'K00002', 'MOHAMAD IQBAL                                     '),
('17082010052', 'K00002', 'DIAN BUDI RACHMADHANI                             '),
('17082010053', 'K00002', 'NUKE NIDYA                                        '),
('17082010054', 'K00002', 'NADIA ERINNA RAHMAWATI                            '),
('17082010055', 'K00002', 'Aisyah Firdausi Rahma                             '),
('17082010056', 'K00002', 'Achmad Fauzi                                      '),
('17082010057', 'K00002', 'Jafni Afifah                                      '),
('17082010058', 'K00002', 'Mochammad Gamal Kolbin Salim                      '),
('18081010001', 'K00001', 'Mohammad Faisal Riftiarrasyid                     '),
('18081010002', 'K00001', 'Heri Khariono                                     '),
('18081010003', 'K00001', 'Anggun Safira Kusmindasari                        '),
('18081010005', 'K00001', 'Sherli Nur Diana                                  '),
('18081010006', 'K00001', 'Debi Unsilatur Utami                              '),
('18081010007', 'K00001', 'Irsyad Zainul Hanif                               '),
('18081010008', 'K00001', 'Aulia Istiqomah                                   '),
('18081010009', 'K00001', 'Fresya Chandra Dheovani                           '),
('18081010010', 'K00001', 'Serlynda Dwi Rosalina                             '),
('18081010011', 'K00001', 'Melania Syafrida Paruntu                          '),
('18081010013', 'K00001', 'Devan Cakra Mudra Wijaya                          '),
('18081010014', 'K00001', 'Rizqi Yahya Mahendra                              ');
INSERT INTO `m_mhs` (`NPM`, `KD_PROGDI`, `NM_MHS`) VALUES
('18081010015', 'K00001', 'Dian Fitriana                                     '),
('18081010016', 'K00001', 'M. Ihwanul Iqbal                                  '),
('18081010017', 'K00001', 'Dwi Wahyu Effendi                                 '),
('18081010019', 'K00001', 'Mohamad Ilham Prasetyo Raharjo                    '),
('18081010020', 'K00001', 'Dedy Ramadhan                                     '),
('18081010021', 'K00001', 'Dimas Rehan Nabiel Avianto                        '),
('18081010022', 'K00001', 'Yunus Oktavianto Ismail                           '),
('18081010023', 'K00001', 'Handie Pramana Putra                              '),
('18081010024', 'K00001', 'Avrie Akbar Prabowo                               '),
('18081010025', 'K00001', 'Ayunda Noviala Dwijayanti                         '),
('18081010026', 'K00001', 'Emillia Eka Firnanda                              '),
('18081010027', 'K00001', 'Rahmat Auliya                                     '),
('18081010028', 'K00001', 'Khonsa Salsabila                                  '),
('18081010029', 'K00001', 'Amirah Aulia Fitri                                '),
('18081010030', 'K00001', 'Dwi Nurhidayah                                    '),
('18081010031', 'K00001', 'Meike Hardianti                                   '),
('18081010032', 'K00001', 'Alfiatun Masrifah                                 '),
('18081010033', 'K00001', 'Ika Nur Habibah                                   '),
('18081010034', 'K00001', 'Nur Eza Imandayanti                               '),
('18081010035', 'K00001', 'Aditya Putra Pratama                              '),
('18081010036', 'K00001', 'Trisa Pratiwi                                     '),
('18081010037', 'K00001', 'Benaya Arta Hendratri                             '),
('18081010038', 'K00001', 'Moch. Hawin Hamami                                '),
('18081010039', 'K00001', 'Ade Husni Mubarrok                                '),
('18081010040', 'K00001', 'Miftahul Nuril Silviyah                           '),
('18081010041', 'K00001', 'Alfian Nur Rozzak                                 '),
('18081010042', 'K00001', 'Nur Syifa\'ul Husna                                '),
('18081010043', 'K00001', 'Dewi Azizah                                       '),
('18081010044', 'K00001', 'Aji Prasongko                                     '),
('18081010045', 'K00001', 'Sarirotul Latifah                                 '),
('18081010046', 'K00001', 'Taufik Nur Firmansyah                             '),
('18081010047', 'K00001', 'Purwito Ridho Widianto                            '),
('18081010048', 'K00001', 'Susy Rahmawati                                    '),
('18081010049', 'K00001', 'Tasya Ardhian Nisaa\'                              '),
('18081010050', 'K00001', 'Shavira Maya Ningrum                              '),
('18081010051', 'K00001', 'Berlianda Adha Haque                              '),
('18081010052', 'K00001', 'M. Khoironi                                       '),
('18081010053', 'K00001', 'Ilham Firmansyah                                  '),
('18081010055', 'K00001', 'Wahyu Firman Syahputra                            '),
('18081010056', 'K00001', 'VEQQY AL-HAMDA SAYIDINA AHDI                      '),
('18081010057', 'K00001', 'HAIDAR ANANTA KUSUMA                              '),
('18081010058', 'K00001', 'HANIF ROBHAN BACHTIAR                             '),
('18081010059', 'K00001', 'JEFRI ABDURROZAK ISMAIL                           '),
('18081010060', 'K00001', 'MUHAMMAD MUCHTARUL HANIF                          '),
('18081010061', 'K00001', 'MUHAMMAD HILAL                                    '),
('18081010062', 'K00001', 'ARIF SAMDONO                                      '),
('18081010064', 'K00001', 'DWIKI ADITAMA SUPANGKAT                           '),
('18081010065', 'K00001', 'FAHMI NUGROHO ALIBASYAH                           '),
('18081010066', 'K00001', 'ENDY GIGIH PRATAMA                                '),
('18081010067', 'K00001', 'MUHAMMAD RIF`AN DZULQORNAIN                       '),
('18081010068', 'K00001', 'ELANG EKA MARGA PUTRA                             '),
('18081010069', 'K00001', 'WAHYU FAISHAL FIRDAUSI                            '),
('18081010071', 'K00001', 'NADIA RISTYA DEWI                                 '),
('18081010072', 'K00001', 'HABIB MOCH ARIF                                   '),
('18081010073', 'K00001', 'MOH. AINUR ROFIK                                  '),
('18081010074', 'K00001', 'RIFQI RADITYA RIZQULLAH                           '),
('18081010075', 'K00001', 'YOGA MAULANA                                      '),
('18081010076', 'K00001', 'DENDY FEKTOR ORISSA                               '),
('18081010077', 'K00001', 'ANINDA ELSA ERAYANTI                              '),
('18081010079', 'K00001', 'ALFAREZA FARIZKY SANTOSO                          '),
('18081010080', 'K00001', 'MOCHAMMAD WILDANY SIHAB                           '),
('18081010081', 'K00001', 'MERDIN RISALUL ABRORI                             '),
('18081010083', 'K00001', 'JA`FAR SHODIQ                                     '),
('18081010084', 'K00001', 'MUHAMMAD ARDI BAHTIAR                             '),
('18081010085', 'K00001', 'FIKRI FAKHRUDDIN                                  '),
('18081010086', 'K00001', 'MUHAMMAD DAFFA ARIFIN                             '),
('18081010087', 'K00001', 'HUDANTO RAHMAN HADI                               '),
('18081010088', 'K00001', 'M DAROJATUN HOGI                                  '),
('18081010089', 'K00001', 'ARDENNO RAMA RASENDRIYA                           '),
('18081010090', 'K00001', 'FUAD MAHRUS FATHONI                               '),
('18081010091', 'K00001', 'MUHAMMAD FARIS FIRDAUS                            '),
('18081010092', 'K00001', 'MUHAMMAD RIMA MUSTAGHFIRIN BIL ASHAR              '),
('18081010093', 'K00001', 'DIMAS ARIF SETYAWAN                               '),
('18081010095', 'K00001', 'MUHAMMAD RIZAL WASKITO                            '),
('18081010096', 'K00001', 'REYNALDI SATRIAWAN WIKYANHADI                     '),
('18081010097', 'K00001', 'MUHAMMAD ANWARUL FATTACH                          '),
('18081010098', 'K00001', 'ANINDYA KUSUMANINGRUM AMBARWATI PRASETYO          '),
('18081010099', 'K00001', 'THRISNA RAMADHAN                                  '),
('18081010100', 'K00001', 'BAGAS CAKRA WIRADANA                              '),
('18081010101', 'K00001', 'FIKRI DWILAKSONO                                  '),
('18081010102', 'K00001', 'CHAKRA SATRYA PRADANA PUTRA ARIANTO               '),
('18081010103', 'K00001', 'ILHAM KRISDIANTA SIREGAR                          '),
('18081010104', 'K00001', 'MOCHAMMAD FAISAL NUR SAYYID                       '),
('18081010105', 'K00001', 'KEVIN ADITAMA MARPAUNG                            '),
('18081010106', 'K00001', 'PRAMANA ADITYA NUGRAHA                            '),
('18081010107', 'K00001', 'AIRLANGGA SUSANTO PUTRA                           '),
('18081010108', 'K00001', 'MOCHAMMAD ELFITRIANTO                             '),
('18081010109', 'K00001', 'HELNA FREECENTA                                   '),
('18081010110', 'K00001', 'AGHIL SAHPUTRO                                    '),
('18081010111', 'K00001', 'MOHAMAD RAFLI AGUNG SUBEKTI                       '),
('18081010112', 'K00001', 'TAUFIQUR ROHMAN                                   '),
('18081010113', 'K00001', 'SONIA TISA PUTRI                                  '),
('18081010115', 'K00001', 'REGA SURYATAMA AMARIL HAQ                         '),
('18081010116', 'K00001', 'Nathanael Adhyasta Perdana                        '),
('18081010117', 'K00001', 'MAS ADAM KHALIDAS HAKIM                           '),
('18081010118', 'K00001', 'Erik Prasetiyo Nugroho                            '),
('18081010119', 'K00001', 'Hamzah Dimas Syah Reza                            '),
('18081010120', 'K00001', 'DAVILA ERDIANITA                                  '),
('18081010121', 'K00001', 'MOHAMMAD NAUFAL PRATAMA                           '),
('18081010122', 'K00001', 'MELINDA SHILATIL FAUZIYAH                         '),
('18081010123', 'K00001', 'iqbal alfiansyah                                  '),
('18081010124', 'K00001', 'NAFA NABILA EL INDRI                              '),
('18081010125', 'K00001', 'DIMAS AMRULLOH                                    '),
('18081010126', 'K00001', 'RIFKY AKHMAD FERNANDA                             '),
('18081010127', 'K00001', 'Muhammad atay nadhif nashrulloh                   '),
('18081010128', 'K00001', 'FAHMI ANUGRAH DANENDRA                            '),
('18081010129', 'K00001', 'MOCHAMMAD ANDIKA PUTRA MUBAROK                    '),
('18081010130', 'K00001', 'KEVIN HANIF WICAKSANA                             '),
('18081010131', 'K00001', 'Robbi Arrofirizky                                 '),
('18081010132', 'K00001', 'Muhammad Luthfirrohman                            '),
('18081010133', 'K00001', 'Fayi Awaluddin Zaki                               '),
('18081010134', 'K00001', 'ADINDA PUTRI KUSUMA DEWI                          '),
('18081010135', 'K00001', 'Nada Istighfariana                                '),
('18081010136', 'K00001', 'Della Maya Puspita                                '),
('18081010138', 'K00001', 'Yusa Nur Alfie Arditama                           '),
('18081010139', 'K00001', 'ROBBY HADY SYAHPUTRA                              '),
('18081010140', 'K00001', 'RIZQI FAJAR RAMADHAN                              '),
('18081010141', 'K00001', 'Bagus Sutikno Putra                               '),
('18081010142', 'K00001', 'Syafri Firmansyah                                 '),
('18081010143', 'K00001', 'IQYAN HAFIDZ ROHADIAN                             '),
('18081010144', 'K00001', 'Ilham Malik Hammad                                '),
('18081010145', 'K00001', 'Dimas Putra Andaru                                '),
('18081010146', 'K00001', 'MOHAMAD AREL INTIDHOFATUL UMMAM                   '),
('18081010148', 'K00001', 'Benny Danendra Hadi                               '),
('18081010149', 'K00001', 'MOCHAMMAD ERVINDA YUDISTIRA                       '),
('18081010150', 'K00001', 'Galih Novian Prasetyo                             '),
('18081010151', 'K00001', 'Avail Walad                                       '),
('18081010152', 'K00001', 'Moh haydir awaludin w                             '),
('18081010153', 'K00001', 'EKA RESTU JUSTITIAN                               '),
('18081010154', 'K00001', 'ANGGA DWI SATRIA                                  '),
('18082010001', 'K00002', 'Muhammad Yusuf Ardiansyah                         '),
('18082010002', 'K00002', 'M. Rizal Abdullah Rozi                            '),
('18082010003', 'K00002', 'Hellen Agustina                                   '),
('18082010004', 'K00002', 'Baitun Nadhiroh                                   '),
('18082010005', 'K00002', 'Arrandi Muhamad Riesta                            '),
('18082010007', 'K00002', 'Nur Hasan Assobarry                               '),
('18082010008', 'K00002', 'Khusnia Nur Rachmah                               '),
('18082010009', 'K00002', 'Fariza Nanda Sabila                               '),
('18082010010', 'K00002', 'Ananda Lakunti Ardiatama                          '),
('18082010011', 'K00002', 'Muhammad Burhanuddin Fawwaz                       '),
('18082010012', 'K00002', 'Diah Fatmawati                                    '),
('18082010013', 'K00002', 'Muhammad Nizar Zulmi                              '),
('18082010014', 'K00002', 'Tiara Karunia Miranti                             '),
('18082010015', 'K00002', 'Sandi Ragil Putra                                 '),
('18082010016', 'K00002', 'Pratama Puji Ariyanto                             '),
('18082010017', 'K00002', 'Farid Chilmi                                      '),
('18082010018', 'K00002', 'Muhammad Hilman                                   '),
('18082010019', 'K00002', 'Freeston Hamonangan Sinaga                        '),
('18082010020', 'K00002', 'Alifia Nur Kamila                                 '),
('18082010021', 'K00002', 'Brahmantya Adi Saputra                            '),
('18082010022', 'K00002', 'Apriliana Latifah Hanum                           '),
('18082010023', 'K00002', 'Ibrahim                                           '),
('18082010025', 'K00002', 'Nurisa Rahma Shantika                             '),
('18082010026', 'K00002', 'Rivaldo Hadi Winata                               '),
('18082010027', 'K00002', 'Muhammad Januar Pribadi                           '),
('18082010028', 'K00002', 'Ahmad Nashirul Haq                                '),
('18082010029', 'K00002', 'OKTANIA PURWANINGRUM                              '),
('18082010030', 'K00002', 'ZABRINA TUZZAHRA                                  '),
('18082010031', 'K00002', 'CREADY CELGIE GILDBRANDSEN                        '),
('18082010032', 'K00002', 'YUDHA YUNANTO PUTRA                               '),
('18082010033', 'K00002', 'FATIHAENY NABILAH KURNIA ILLAHI                   '),
('18082010034', 'K00002', 'CAHYO JOYO PRAWIRO                                '),
('18082010035', 'K00002', 'HELMY KURNIAWAN                                   '),
('18082010036', 'K00002', 'PRIMANDIKA HAKIKI                                 '),
('18082010037', 'K00002', 'MUHAMAD FRENDI DIYON ARDIANSAH                    '),
('18082010038', 'K00002', 'RAHAYU KUSUMANINGTYAS PARAMITA WARDHANI           '),
('18082010039', 'K00002', 'SUDEWANTORO NUR MUHAMMAD                          '),
('18082010041', 'K00002', 'ANGGY OKTAVIANA SYAFIRA                           '),
('18082010042', 'K00002', 'CARENA LEARNS PRASETYO                            '),
('18082010043', 'K00002', 'SOLEHUDIN AL AYYUBI                               '),
('18082010044', 'K00002', 'FARHAN SETIYO DARUSMAN                            '),
('18082010045', 'K00002', 'UBAIDILLAH FIRDAUS                                '),
('18082010048', 'K00002', 'NURISHA GALUH AYU RISMANDINI                      '),
('18082010049', 'K00002', 'BIMA PUTRA KUSUMA                                 '),
('18082010050', 'K00002', 'ARDINA SAGITA RAMADHANI                           '),
('18082010051', 'K00002', 'BRILLIANT VERGIE SOPAHELUAKAN                     '),
('18082010052', 'K00002', 'MUHAMMAD ADIARSYAH SYAINAL                        '),
('18082010053', 'K00002', 'MAULANA TAUFIK HIDAYAT                            '),
('18082010054', 'K00002', 'VANYA NOUVANTY                                    '),
('18082010055', 'K00002', 'MAHIDA HANIFAH RAHMADINI                          '),
('18082010056', 'K00002', 'MOCHAMMAD FUAD PANDJI FIKRI                       '),
('18082010057', 'K00002', 'DARY KHARISMOJATI                                 '),
('18082010058', 'K00002', 'HUKAMA` NUR ROMADLON                              '),
('18082010059', 'K00002', 'BAGUS UTOMO                                       '),
('18082010060', 'K00002', 'NOVANDA NURHANDINI PUTRI                          '),
('18082010061', 'K00002', 'MUHAMMAD LUKI SEPTIAWAN                           '),
('18082010062', 'K00002', 'GANA SACHIO NAUFALDY                              '),
('18082010063', 'K00002', 'AURALIA MIFFATUL JANNAH                           '),
('18082010064', 'K00002', 'Iman Ali Mufti                                    '),
('18082010065', 'K00002', 'ELOK ELVIANA                                      '),
('18082010066', 'K00002', 'Aldyan Fanindya Nugraha                           '),
('18082010067', 'K00002', 'Alif Elmusa Widinandra                            '),
('18082010068', 'K00002', 'Saktian Purborini                                 '),
('18082010069', 'K00002', 'Christanti Ayu Permatasari                        '),
('18082010070', 'K00002', 'Firdaus Akmal Fauzan                              '),
('18082010071', 'K00002', 'DEZTRA IRZHAK PRATAMA                             '),
('18082010073', 'K00002', 'Citra Liza Tifania                                '),
('18082010074', 'K00002', 'Indira Setia Amalia                               '),
('18082010076', 'K00002', 'FEBY DWIPUTRA SETYAWAN                            '),
('18082010077', 'K00002', 'amanda paramita salsabila                         '),
('18082010078', 'K00002', 'Dzarrin Al Ghifari                                '),
('18082010080', 'K00002', 'Brahmantio Widyo Trenggono                        '),
('18082010081', 'K00002', 'Muhammad Ridwan                                   '),
('18082010082', 'K00002', 'CLARIZA RISANTI                                   '),
('18082010083', 'K00002', 'Khansa Renata                                     '),
('18082010084', 'K00002', 'Iksan Malik Haiqal                                '),
('18082010085', 'K00002', 'Moch. Aburizal Fatwa                              '),
('19081010001', 'K00001', 'Mochammad Arya Salsabila                          '),
('19081010002', 'K00001', 'Muhammad Rayhan Rachmansyah                       '),
('19081010003', 'K00001', 'Annisa Dwi Puspitarini                            '),
('19081010004', 'K00001', 'Mohammad Khairil Amin                             '),
('19081010005', 'K00001', 'Ayu Widya Agata                                   '),
('19081010006', 'K00001', 'Nabila Ayu Puspita                                '),
('19081010007', 'K00001', 'Yanuar Nur Ilmansyah                              '),
('19081010008', 'K00001', 'Moch Nasichun Amiin                               '),
('19081010009', 'K00001', 'Nunik Indra Lestari                               '),
('19081010010', 'K00001', 'Raviy Bayu Setiaji                                '),
('19081010011', 'K00001', 'Muhamad Arif Saifudin                             '),
('19081010012', 'K00001', 'Dimas Zainal Muttaqin                             '),
('19081010013', 'K00001', 'Deri Setiawan                                     '),
('19081010014', 'K00001', 'Wahyu Nugroho Gultom                              '),
('19081010015', 'K00001', 'Alya Safira Fatikahsari                           '),
('19081010016', 'K00001', 'Danil Hendra Suryawan                             '),
('19081010017', 'K00001', 'Mohammad Zaki Mushoddaq                           '),
('19081010018', 'K00001', 'Muhammad Rafly                                    '),
('19081010019', 'K00001', 'Ryan Christo Marcellino                           '),
('19081010020', 'K00001', 'Wariyanti Nugroho Putri                           '),
('19081010021', 'K00001', 'Fatimatuz Zahroh                                  '),
('19081010022', 'K00001', 'Eka Rizqi Maratus Sholihah                        '),
('19081010023', 'K00001', 'Nico Natanael                                     '),
('19081010024', 'K00001', 'Wahyu Triningsih                                  '),
('19081010025', 'K00001', 'Nizar Abdurrahman                                 '),
('19081010026', 'K00001', 'Eka Zuni Selviana                                 '),
('19081010027', 'K00001', 'Taufik Hidayat                                    '),
('19081010028', 'K00001', 'Elsa Febriantika                                  '),
('19081010029', 'K00001', 'Dendy Kurniawan                                   '),
('19081010030', 'K00001', 'Paulus Randi Tri Wahyuono                         '),
('19081010031', 'K00001', 'Firmansyah Firdaus Anhar                          '),
('19081010032', 'K00001', 'Christian Wahyu Setianto                          '),
('19081010033', 'K00001', 'Azzuraa Shabika Aqmarina                          '),
('19081010034', 'K00001', 'Muhammad Habib Arrosyid                           '),
('19081010035', 'K00001', 'Achmad Rizky Fatur Rochman                        '),
('19081010036', 'K00001', 'Mochammad Yanuar Fitroni                          '),
('19081010037', 'K00001', 'Muhammad Alfyando                                 '),
('19081010038', 'K00001', 'Achmad Arsa Abdillah Madjid                       '),
('19081010039', 'K00001', 'Alfina Damayanti                                  '),
('19081010040', 'K00001', 'Aan Evian Nanda                                   '),
('19081010041', 'K00001', 'Anneke Shavira Maretha                            '),
('19081010042', 'K00001', 'M. Mushthafainal Akhyar Myzandeo                  '),
('19081010043', 'K00001', 'Akbar Umar Al Faroq                               '),
('19081010044', 'K00001', 'Olga Giovan Victory                               '),
('19081010045', 'K00001', 'Saiful Abroriy                                    '),
('19081010046', 'K00001', 'Fahri Izzuddin Zulkarnaen                         '),
('19081010047', 'K00001', 'Muhammad Izdihar Alwin                            '),
('19081010048', 'K00001', 'GESANK WAHYU SETYO WICAKSONO                      '),
('19081010049', 'K00001', 'Muhammad Lutfi Pratama                            '),
('19081010050', 'K00001', 'Muhammad Rakha Firjatullah                        '),
('19081010051', 'K00001', 'LESMANA WAHYU                                     '),
('19081010052', 'K00001', 'Daffa Risky Pratama                               '),
('19081010053', 'K00001', 'ADAM PUTRA BRAMANTYO                              '),
('19081010054', 'K00001', 'Ezra Wijaya                                       '),
('19081010055', 'K00001', 'Shawn Hafizh Adefrid                              '),
('19081010056', 'K00001', 'NAUFAL NADHIEF                                    '),
('19081010057', 'K00001', 'Budianto                                          '),
('19081010058', 'K00001', 'Rizqy Ahsana Putri                                '),
('19081010059', 'K00001', 'Fatwa Zuhri Diva Perdana                          '),
('19081010060', 'K00001', 'Eriyansyah Yusuf Suwandana                        '),
('19081010061', 'K00001', 'Aditya Prameswara Achmadi                         '),
('19081010062', 'K00001', 'Fransiskus Jonathan Tanudjaja                     '),
('19081010063', 'K00001', 'ANIISAH EKA RAHMAWATI                             '),
('19081010064', 'K00001', 'Nadhif Mahardika Awandi                           '),
('19081010065', 'K00001', 'Arif Widiasan Subagio                             '),
('19081010066', 'K00001', 'DITO ISRAM SASPUTRA                               '),
('19081010067', 'K00001', 'SITI ZUHROTUN NAFIATUR ROHMAH                     '),
('19081010068', 'K00001', 'ANWAR SANUSI                                      '),
('19081010069', 'K00001', 'Alfinas Agung Mujiono                             '),
('19081010070', 'K00001', 'Lusian Nandang Arjamulia                          '),
('19081010071', 'K00001', 'Joni Bastian                                      '),
('19081010072', 'K00001', 'ISHAK FEBRIANTO                                   '),
('19081010073', 'K00001', 'Muhammad Raihan Alif Ardianto                     '),
('19081010074', 'K00001', 'Dian Agus Prawinata                               '),
('19081010075', 'K00001', 'Husain Taufiqqurrahman                            '),
('19081010076', 'K00001', 'LAVENIA AGLIS ARDANA                              '),
('19081010077', 'K00001', 'Avia Arista                                       '),
('19081010078', 'K00001', 'Reynato Youry Ferrary                             '),
('19081010079', 'K00001', 'Erlin Widyastuti                                  '),
('19081010080', 'K00001', 'Faisal Hanif                                      '),
('19081010081', 'K00001', 'Achmad Zahrul Ali Zadan                           '),
('19081010082', 'K00001', 'RIDHA KURNIA PUTRI                                '),
('19081010083', 'K00001', 'Veronika Paskalia Sinambela                       '),
('19081010084', 'K00001', 'Ahmad Zakiyyun Ibadurrahman                       '),
('19081010085', 'K00001', 'Kristian Rolando Limantara                        '),
('19081010086', 'K00001', 'Elgresia Egita Br Perangin-angin                  '),
('19081010087', 'K00001', 'Rio Hascaryo Winarno                              '),
('19081010088', 'K00001', 'Pande Putu Sunaryang Yogam Prasanta               '),
('19081010089', 'K00001', 'Agung Handayanto                                  '),
('19081010090', 'K00001', 'AHMAD YUSRON YAQIN                                '),
('19081010091', 'K00001', 'Eriko Indra Permana                               '),
('19081010092', 'K00001', 'HAMDAN YUWAFI MASTU WIJAYA                        '),
('19081010093', 'K00001', 'Fakhrial Adam                                     '),
('19081010094', 'K00001', 'Muhammad Dafa Ardiansyah                          '),
('19081010095', 'K00001', 'Puteri Aulia Fahlia                               '),
('19081010096', 'K00001', 'Octavianus Fian Pahothon Suka Widayanta           '),
('19081010097', 'K00001', 'MUHAMMAD EKO PRASETYO                             '),
('19081010098', 'K00001', 'Avia Maharani Situmorang                          '),
('19081010099', 'K00001', 'Ilham Ainur Idhana                                '),
('19081010100', 'K00001', 'MUHAMMAD DIMYATI CAHYA TAMA NUGRAHA               '),
('19081010101', 'K00001', 'Muhammad Rafif Agryan Prabaswara                  '),
('19081010102', 'K00001', 'Althaf Ariq Musyaffah Ghufron                     '),
('19081010103', 'K00001', 'IRFAN HELMI SUKMAWAN                              '),
('19081010104', 'K00001', 'Aditya Primayudha                                 '),
('19081010105', 'K00001', 'Rifki Riza Alfiansyah                             '),
('19081010106', 'K00001', 'Nadiya Nur Wahyunita                              '),
('19081010107', 'K00001', 'Michael Jeffry Setiawan                           '),
('19081010108', 'K00001', 'Angela Irene Paskah                               '),
('19081010109', 'K00001', 'Satya Agni Prema Raswidhyantoro                   '),
('19081010110', 'K00001', 'Ghani Rafif Irawan                                '),
('19081010111', 'K00001', 'Muhammad Helmi Satria Fedianto                    '),
('19081010112', 'K00001', 'Tompo Panjaitan                                   '),
('19081010113', 'K00001', 'IMALIA ROSYIDA                                    '),
('19081010114', 'K00001', 'Gagas Taruna Pamungkas                            '),
('19081010115', 'K00001', 'Noor Ravi  Fitradhi                               '),
('19081010116', 'K00001', 'ZATA HASHFI LUTHFAN TORI                          '),
('19081010117', 'K00001', 'MUHAMMAD DZIKRUL AKBAR                            '),
('19081010118', 'K00001', 'Auliya Arkhan                                     '),
('19081010119', 'K00001', 'AHMAD WAHYU RAFSAN ZANI                           '),
('19081010120', 'K00001', 'Naufal Taufiiqulhakim Akmal                       '),
('19081010121', 'K00001', 'Firnazzain Naufal Ramadhan                        '),
('19081010122', 'K00001', 'SURYA ROSAULI PASARIBU                            '),
('19081010123', 'K00001', 'Audhy Brilliant Pratama                           '),
('19081010124', 'K00001', 'ANDHIKA AHNAF DANISWARA                           '),
('19081010125', 'K00001', 'Ario Hartoko                                      '),
('19081010126', 'K00001', 'Aldofino Pranayubi                                '),
('19081010127', 'K00001', 'Quincy Mayferta Pradani Putri Arianto             '),
('19081010128', 'K00001', 'Achmad Yuneda Alfajr                              '),
('19081010129', 'K00001', 'Alifta Putri R                                    '),
('19081010130', 'K00001', 'Sabrina heryanti suryandari                       '),
('19081010131', 'K00001', 'Moch. Alvin Faruq Asshegaff                       '),
('19081010132', 'K00001', 'Alif Ernanda Putra                                '),
('19081010133', 'K00001', 'Dewa Erlangga Wicaksono                           '),
('19081010134', 'K00001', 'RIFKI SETIAWAN                                    '),
('19081010135', 'K00001', 'ABIYAN NAUFAL HILMI                               '),
('19081010136', 'K00001', 'MOCH RIZKY SANJAYA                                '),
('19081010137', 'K00001', 'Almira aurora prameswaty                          '),
('19081010138', 'K00001', 'MOCHAMMAD DZAKI AL VRIANO                         '),
('19081010139', 'K00001', 'Dewa Eka Wirasaputra                              '),
('19081010140', 'K00001', 'Raden Shalehuddin Albawani                        '),
('19081010141', 'K00001', 'Muhammad Syaiful Arif                             '),
('19081010142', 'K00001', 'RACHMADHANY IMAN                                  '),
('19081010143', 'K00001', 'PUTU NANDHIKA PRATAMA ARTANA                      '),
('19081010144', 'K00001', 'Dio Farrel Putra Rachmawan                        '),
('19081010145', 'K00001', 'Hera Amelia Putri Belangi                         '),
('19081010146', 'K00001', 'Rizal Afandi                                      '),
('19081010147', 'K00001', 'Genjah Ilham Zamzami                              '),
('19081010148', 'K00001', 'mochamad farid fadhlulloh                         '),
('19081010149', 'K00001', 'I DW gde Satria Pramana Erlangga                  '),
('19081010150', 'K00001', 'Dede Ikhsan Dwi Saputra                           '),
('19081010151', 'K00001', 'Elsa shantyka putri azzahra                       '),
('19081010152', 'K00001', 'Dimas Seno Herlambang                             '),
('19081010153', 'K00001', 'PANDU PRASETYO WIBOWO                             '),
('19081010154', 'K00001', 'Muhammad Norman Hakam Aufar                       '),
('19081010155', 'K00001', 'muchammad fadzillah zain                          '),
('19081010156', 'K00001', 'Risda Rosdiana Agustin                            '),
('19081010157', 'K00001', 'Muhammad Sirrul Falah                             '),
('19081010158', 'K00001', 'Mochammad Miqdar Zulfikar Effendi                 '),
('19081010159', 'K00001', 'Dewa Dutha Bagas Aryana                           '),
('19081010160', 'K00001', 'Claudia Millennia Suprapto                        '),
('19081010161', 'K00001', 'Agung Rahmawan Gading S                           '),
('19081010162', 'K00001', 'ELFREDO YUSTRADA BOMANTORO                        '),
('19081010163', 'K00001', 'I Wayan Alston Argodi                             '),
('19081010164', 'K00001', 'Daviq Ardli Wishesha                              '),
('19081010165', 'K00001', 'THOMAS ANDREW IMANZAGHI                           '),
('19081010166', 'K00001', 'Moch. Erreza                                      '),
('19081010167', 'K00001', 'PRAMUDYA TAMIR INDRA PERMANA                      '),
('19081010168', 'K00001', 'vincentia indri octaviani                         '),
('19081010169', 'K00001', 'Muhammad Dhiyaulhaq Rizqulloh Zain                '),
('19081010170', 'K00001', 'MOCHAMMAD KEVIN SANTOSA                           '),
('19081010171', 'K00001', 'Farra Wardah Gracillaria Suharyono                '),
('19081010172', 'K00001', 'FADHILAH EDO DHARMAPARAYANA                       '),
('19081010173', 'K00001', 'EREN DIO SEFRILA                                  '),
('19081010174', 'K00001', 'MOCHAMMAD SULTAN ARDIANSYAH                       '),
('19081010175', 'K00001', 'Muhammad Hilmy Haidar A                           '),
('19081010176', 'K00001', 'ACHMAD ALVIEN MAULANA                             '),
('19081010177', 'K00001', 'AHMAD YUAN ARBY                                   '),
('19081010178', 'K00001', 'ADITYA RIZQI ARDHANA                              '),
('19081010179', 'K00001', 'Fernanda Tinambunan                               '),
('19081010180', 'K00001', 'Ahmad Dendy Prasongko Putra                       '),
('19081010181', 'K00001', 'Galih Arum Prabowo                                '),
('19081010182', 'K00001', 'Muhammad Hibatul Haqqi                            '),
('19081010183', 'K00001', 'Nadia Hanifa Febriana                             '),
('19081010184', 'K00001', 'Nabil Habibi                                      '),
('19081010185', 'K00001', 'Deva Dwi Satrio                                   '),
('19081010186', 'K00001', 'Farris Aryanta Loudy Prasetya                     '),
('19081010187', 'K00001', 'Arya Fadhilah Daniswara                           '),
('19081010188', 'K00001', 'ANUGERAH NEILWAN HOFRY MANULLANG                  '),
('19081010189', 'K00001', 'MOCH.ADITYA PRATAMA PUTRA                         '),
('19081010190', 'K00001', 'Dimas Aditya Putra                                '),
('19081010191', 'K00001', 'Viqhy Amrulloh Elhaq                              '),
('19081010192', 'K00001', 'Maurisa Arimbi Putri                              '),
('19082010001', 'K00002', 'Priyandini Pramithasari                           '),
('19082010002', 'K00002', 'Izzah Tazkiyah                                    '),
('19082010003', 'K00002', 'Real Ananda Kristi                                '),
('19082010004', 'K00002', 'Leona Elsa Nilwanda                               '),
('19082010005', 'K00002', 'Sidiq Satria Tama                                 '),
('19082010006', 'K00002', 'Syahrul Anugerah Wisetya                          '),
('19082010007', 'K00002', 'Ully Laili Musyarofah                             '),
('19082010008', 'K00002', 'Ainun Rizkyani Fadillah                           '),
('19082010009', 'K00002', 'Zanna Cobhita Majesty Ayu Indhama                 '),
('19082010010', 'K00002', 'Putri Lestari                                     '),
('19082010011', 'K00002', 'Dayu Renita                                       '),
('19082010012', 'K00002', 'Anisa Nurcahyani                                  '),
('19082010013', 'K00002', 'Ruben Coda Sofiq Indonesiawan                     '),
('19082010014', 'K00002', 'Fais Irwanda                                      '),
('19082010015', 'K00002', 'Muhammad Zharif Alifian                           '),
('19082010016', 'K00002', 'Muh. Ahlun Nazar                                  '),
('19082010017', 'K00002', 'Ahadian Amar Maruuf                               '),
('19082010018', 'K00002', 'Indah Maharani                                    '),
('19082010019', 'K00002', 'Suci Nuralima                                     '),
('19082010020', 'K00002', 'Ananda Devi Muri Utomo                            '),
('19082010021', 'K00002', 'Erlin Ayu Khrisnawati                             '),
('19082010022', 'K00002', 'Mirda Azzah Abidah                                '),
('19082010023', 'K00002', 'Ardianti Amalia                                   '),
('19082010024', 'K00002', 'MELY NUR ALISA                                    '),
('19082010025', 'K00002', 'Muhammad Alroy                                    '),
('19082010026', 'K00002', 'Fahri Arya Pratama                                '),
('19082010027', 'K00002', 'Elsa Vania                                        '),
('19082010028', 'K00002', 'ANGGI ANGGRAENI NUGRAHA                           '),
('19082010029', 'K00002', 'R. Alfiarto Randi Reswara                         '),
('19082010030', 'K00002', 'MUHAMMAD FACHRI ALI HAIDAR                        '),
('19082010031', 'K00002', 'Muhammad Daffa                                    '),
('19082010032', 'K00002', 'Muhammad Rafi Pratama                             '),
('19082010033', 'K00002', 'Achmad Bias Firmansyah                            '),
('19082010034', 'K00002', 'Muhammad Farhan                                   '),
('19082010035', 'K00002', 'SITI LAILATUL ZAHROTUN NISAK                      '),
('19082010036', 'K00002', 'Tamariska Laras Suci                              '),
('19082010037', 'K00002', 'YOVAN FEBRIAWAN NURPRATAMA                        '),
('19082010038', 'K00002', 'NUR LICKHA LAVENIA                                '),
('19082010039', 'K00002', 'Muhammad Rafi Uddin                               '),
('19082010040', 'K00002', 'MUHAMMAD RIZKY ABIWAFA RULYAWAN                   '),
('19082010041', 'K00002', 'Mochamad Suhri Ainur Rifky                        '),
('19082010042', 'K00002', 'RIFQI RIZALDI                                     '),
('19082010043', 'K00002', 'Pradita Ramadhani Putri                           '),
('19082010044', 'K00002', 'Sella Yuniar                                      '),
('19082010045', 'K00002', 'Mohammad Faras Ardian                             '),
('19082010046', 'K00002', 'Pandu Rizki Maulidiah                             '),
('19082010047', 'K00002', 'Muhammad Aqil Taufiqullhaqqi                      '),
('19082010048', 'K00002', 'Abiela Titan Susilo                               '),
('19082010049', 'K00002', 'Hosiana Arga Putri                                '),
('19082010050', 'K00002', 'Tri Diana Rimadhani                               '),
('19082010051', 'K00002', 'Anisa Rahma Salsabila                             '),
('19082010052', 'K00002', 'Asri Kinanti Febriany                             '),
('19082010053', 'K00002', 'Fahreo Iddo Putera Dewangga                       '),
('19082010054', 'K00002', 'Ivan Faiz Daniar                                  '),
('19082010055', 'K00002', 'Ilham Ismail                                      '),
('19082010056', 'K00002', 'Hastri Cantya Danahiswari                         '),
('19082010057', 'K00002', 'Ni Putu Jeanny Maharani                           '),
('19082010058', 'K00002', 'Ajeng Laras Wangi                                 '),
('19082010059', 'K00002', 'Muhammad Evan Hoediansyah                         '),
('19082010060', 'K00002', 'Anindya Dewi Nariswari                            '),
('19082010061', 'K00002', 'Reghi Givansa Rasyidin                            '),
('19082010062', 'K00002', 'Bagus Rizky Prasetyo                              '),
('19082010063', 'K00002', 'M. Aldan Adiar Firdaus                            '),
('19082010064', 'K00002', 'Ferry Kurniawan                                   '),
('19082010065', 'K00002', 'Harun Al Rasyid                                   '),
('19082010066', 'K00002', 'Arief Yahya Prasetio                              '),
('19082010067', 'K00002', 'Mahendra Priyo Wibisono                           '),
('19082010068', 'K00002', 'Ida  Ayu Putu Laras Chantika                      '),
('19082010069', 'K00002', 'MARISKA REGINA RAHMAPUTRI                         '),
('19082010070', 'K00002', 'Hilal Abdullah                                    '),
('19082010071', 'K00002', 'Risav Arrahman Firsttama                          '),
('19082010072', 'K00002', 'FAJAR WIRAHADI KUSUMA                             '),
('19082010073', 'K00002', 'BRIAN FIRMANSYAH KARTONO SOEBARI                  '),
('19082010074', 'K00002', 'Krisya Nurul Khoiriyah                            '),
('19082010075', 'K00002', 'Salma Nuraini                                     '),
('19082010076', 'K00002', 'Ahmad Andhika Permana                             '),
('19082010077', 'K00002', 'Dimas Febri Armanda                               '),
('19082010078', 'K00002', 'Nurrachman Budi Mulya                             '),
('19082010079', 'K00002', 'Rafli Fahreza                                     '),
('19082010080', 'K00002', 'Fauzan Atha Prakoso                               '),
('19082010081', 'K00002', 'Indy Millenio Diez Sutanto                        '),
('19082010082', 'K00002', 'Yusman Zulfandra Fadhlur Rahman                   '),
('19082010083', 'K00002', 'Dimas Dicky Saputra                               '),
('19082010084', 'K00002', 'Mochammad Nabil Nugraha Ramadhan                  '),
('19082010085', 'K00002', 'Yolan salsabilla                                  '),
('19082010086', 'K00002', 'Muhammad Rizki Erlangga Putra                     '),
('19082010087', 'K00002', 'Muhammad Ajmal Shabichun Nur                      '),
('19082010088', 'K00002', 'Akira Permata Ramadhani                           '),
('19082010089', 'K00002', 'Inas Syarifah Abidah                              '),
('19082010090', 'K00002', 'Noer Alam Yahya                                   '),
('19082010091', 'K00002', 'Fanni Silvana                                     '),
('19082010092', 'K00002', 'MEDIA CATO DEWA                                   '),
('19082010093', 'K00002', 'Nur Ulfa Mauludina                                '),
('19082010094', 'K00002', 'Bagaskara Antaris                                 '),
('19082010095', 'K00002', 'Rifat Hafiz Aditya                                '),
('19082010096', 'K00002', 'Bagas Adil Putrajaya                              '),
('19082010097', 'K00002', 'Rima Tsaniyah Amilatus Sholihah                   '),
('19082010098', 'K00002', 'Kevin Khanza P                                    '),
('19082010099', 'K00002', 'Athallah Rafif Cahyono                            '),
('19082010100', 'K00002', 'M.KANDIAS HAPPY MAULANA                           '),
('19082010101', 'K00002', 'STEFANUS ADITYA FERARY                            '),
('19082010102', 'K00002', 'Muhamad Fauzan Siswantoro                         '),
('19082010103', 'K00002', 'MARATUS SOLIKHAH TIARA WULAN SARI                 '),
('19082010104', 'K00002', 'Rico Satria Fandi                                 '),
('19082010105', 'K00002', 'ALIF FAJAR BAGUS AKASYAH                          '),
('19082010106', 'K00002', 'Akhmad Nabil Darmawan                             '),
('19082010107', 'K00002', 'Rhifky Arfiansyah                                 '),
('19082010108', 'K00002', 'MOH. ROYHAN ADVANI                                '),
('19082010109', 'K00002', 'Aisha Ramadhana Indira Santoso                    '),
('19082010110', 'K00002', 'Almas Agung Firdaus                               '),
('19082010111', 'K00002', 'Fadillah tyanto bagaskoro                         '),
('19082010112', 'K00002', 'Shaharani Azpriyanne Cahyono                      '),
('19082010113', 'K00002', 'TALENTA EKKLESIA NOOR                             '),
('19082010114', 'K00002', 'Achmad Chusen                                     '),
('19082010115', 'K00002', 'RUDY ANDREE HERMAWAN                              '),
('19082010116', 'K00002', 'Farhan Faadihilah                                 '),
('19082010117', 'K00002', 'KADEK DWI NATASYA PRADNYANI                       '),
('19082010118', 'K00002', 'PUTU KUMARA DEWI                                  '),
('19082010119', 'K00002', 'Erindra Reynaldi Diaz Aditya                      '),
('19082010120', 'K00002', 'Hil Dina Mulya Dewi                               '),
('19082010121', 'K00002', 'catur arpal perkasa                               '),
('19082010122', 'K00002', 'Achmad Robach Amirulloh                           '),
('18025010181', 'K00018', 'Nurul Jamilah Cahyani'),
('18032010031', 'K00007', 'Felicia Chanya Putmafiyoska'),
('17025010111', 'K00018', 'Juve Bagoes Hendrawan'),
('17034010051', 'K00015', 'Ahmad Naufal Arkan Syah'),
('17071010024', 'K00019', 'Irlinda Khoirunnisa'),
('17052010002', 'K00016', 'Muhammad Baliya Bin Mulkhan'),
('17034010017', 'K00015', 'Imaniar Ramadhani'),
('17025010009', 'K00018', 'Arifa Bingar Mulia'),
('18012010193', 'K00005', 'Adnawidyasaraswati Hanifa Pingkan'),
('18034010035', 'K00015', 'Nur Anisah'),
('17025010051', 'K00018', 'Dinda Dwi Oktania'),
('17024010041', 'K00017', 'Milanda Nisful Laili'),
('17025010026', 'K00018', 'Mukti Wardhana Pertiwi'),
('18025010002', 'K00018', 'Sefi Gamas Tengtarto'),
('17011010074', 'K00004', 'Loren surmila Br Surbakti'),
('17071010010', 'K00019', 'Anggita Gilang Prasetya'),
('17033010022', 'K00008', 'Alfiyatus Sholichah'),
('17025010062', 'K00018', 'Dwi Anggraini Susanti'),
('17032010054', 'K00007', 'Febriani Lenshi Camerawati'),
('1652010018', 'K00015', 'Abdul Ghefurulloh'),
('17025010068', 'K00018', 'Marisa Gracia Bakara'),
('17013010146', 'K00003', 'Klanisto Raka Putra'),
('17025010059', 'K00018', 'Nadya Faradiba'),
('18034010014', 'K00015', 'M. Shaifullah indrawanto'),
('17071010014', 'K00019', 'rahma almira sulistiyaningtyas'),
('17025010035', 'K00018', 'Mochammad Gerry Yusuf'),
('17031010047', 'K00006', 'novian praditya'),
('18071010011', 'K00019', 'Nabila tasya hermawan'),
('17032010026', 'K00007', 'Aldha Asmaradanta'),
('17041010034', 'K00011', 'Ditasari Wardani'),
('17013010058', 'K00003', 'Khoirun Nisa Intan Nurani'),
('17052010003', 'K00016', 'Nurul Febiana'),
('17013010146', 'K00003', 'Klanisto Raka Putra'),
('17025010059', 'K00018', 'Nadya Faradiba'),
('18034010014', 'K00015', 'M. Shaifullah indrawanto'),
('17071010014', 'K00019', 'rahma almira sulistiyaningtyas'),
('17025010035', 'K00018', 'Mochammad Gerry Yusuf'),
('17031010047', 'K00006', 'novian praditya'),
('18071010011', 'K00019', 'Nabila tasya hermawan'),
('17024010009', 'K00017', 'Lucky Grandi Achmadi'),
('17025010107', 'K00018', 'Ayu Wulandari'),
('17013010058', 'K00003', 'Khoirun Nisa Intan Nurani'),
('17052010003', 'K00016', 'Nurul Febiana'),
('17041010042', 'K00011', 'Choiriyah Eka Windiastuti'),
('17041010082', 'K00011', 'Mochammad Rozzaq'),
('17042010002', 'K00010', 'Jovani Anggara Putra'),
('17012010013', 'K00005', 'Wahyu Anindra Utomo'),
('18043010205', 'K00009', 'Aryya Nabil Chaleta'),
('17031010065', 'K00006', 'Ananditto Caesario Putera Asmoro'),
('18051010049', 'K00013', 'Muhamad Muhaqqy Fahmi'),
('18043010029', 'K00009', 'Nie Gusti Madia Muriawan'),
('18013010089', 'K00003', 'Meda Valentina Cesarie'),
('19031010202', 'K00006', 'M.Rizky Chandra'),
('18041010073', 'K00011', 'Fitra Adinia Rahmi'),
('17024010114', 'K00017', 'Ainul Yaqin'),
('1542010068', 'K00010', 'Yanuar Ramadhan'),
('18052010046', 'K00016', 'AMALIYA NUR HANANI PUTRI KINASIH');

-- --------------------------------------------------------

--
-- Table structure for table `m_pembimbing`
--

CREATE TABLE `m_pembimbing` (
  `bim_npt` varchar(20) NOT NULL,
  `bim_trx` int(11) NOT NULL
) ENGINE=InnoDB DEFAULT CHARSET=latin1;

--
-- Dumping data for table `m_pembimbing`
--

INSERT INTO `m_pembimbing` (`bim_npt`, `bim_trx`) VALUES
('0725088601', 108),
('0707098003', 142),
('0019067008', 144),
('0718077605', 146),
('198805252018031000', 147),
('0707098003', 150),
('198902052018032000', 165),
('9900980933', 167),
('0025048602', 180),
('0003076308', 193),
('0731076503', 162),
('0001128406', 212),
('0001128406', 214),
('198902052018032000', 230),
('0005078908', 235),
('0725088601', 240),
('9901115296', 254),
('198805252018031000', 257),
('0719057801', 268),
('9907001920', 271),
('0031128503', 287),
('0714028703', 289),
('0727078602', 290),
('0714028703', 289),
('0714028703', 289),
('0727078602', 303),
('17119910320052', 309),
('0024118503', 310),
('17119910320052', 309),
('17119910320052', 309),
('0005078908', 316),
('9937000068', 327),
('199203172018031000', 335),
('0702068002', 336),
('9901115296', 338),
('9901115296', 340),
('198902052018032000', 345),
('198902052018032000', 345),
('0008108605', 348),
('0708128403', 351),
('0005078908', 354),
('0005078908', 354),
('198902052018032000', 358),
('9937000068', 359),
('199203172018031000', 372),
('198805252018031000', 375),
('198805252018031000', 377),
('198902052018032000', 378),
('0711028201', 382),
('0023076907', 385),
('0725088601', 386),
('9937000068', 388),
('0707098003', 396),
('9907012756', 397),
('9907012756', 402),
('0708128403', 404),
('0025048602', 405),
('0006018407', 406),
('0708128403', 407),
('0031128503', 408),
('0714028703', 409),
('199208122018032000', 410),
('0023076907', 413),
('0725088601', 416),
('0731076503', 419),
('0725088601', 421),
('0025028902', 427),
('9907001920', 430),
('0025048602', 432),
('0008108605', 433),
('0711028201', 437),
('0731076503', 438),
('0718077605', 441),
('0717037901', 442),
('0702068002', 444),
('198508112019031000', 447),
('0001026909', 448),
('0025028902', 453),
('0025028902', 456),
('0019058703', 458),
('0024118503', 461),
('17119910320052', 465),
('17119910320052', 467),
('0718077605', 468),
('0714028703', 469),
('0019067008', 470),
('199208122018032000', 471),
('0719057801', 472),
('9907012756', 475),
('0001128406', 477),
('0718058401', 476),
('0024118503', 478),
('0719057801', 479),
('199208122018032000', 481),
('0025118203', 482),
('9900980933', 484),
('0025118203', 485),
('0731076503', 489),
('17119910320052', 490),
('0714028703', 494),
('198805252018031000', 495),
('0719057801', 496),
('0708128403', 498),
('0025048602', 502),
('0731076503', 503),
('0025048602', 501),
('199208122018032000', 505),
('0707098003', 507),
('0702068002', 510),
('0725088601', 511),
('0023076907', 512),
('0718058401', 514),
('0707098003', 515),
('0006018407', 516),
('0023076907', 521),
('0725088601', 525),
('0714028703', 526),
('0702068002', 527),
('0005078908', 528),
('0025028902', 529),
('0025028902', 529),
('0008108605', 530),
('198902052018032000', 531),
('0702068002', 532),
('0005078908', 533),
('0016078703', 534),
('0702068002', 535),
('0023076907', 537),
('0008108605', 539),
('9901115296', 540),
('0016078703', 541),
('0016078703', 544),
('0005078908', 546),
('199203172018031000', 547),
('0714028703', 549),
('199203172018031000', 550),
('0714028703', 555),
('0025028902', 556),
('0727078602', 557),
('0708128403', 558),
('0025048602', 561),
('198902052018032000', 562),
('9901115296', 566),
('9937000068', 568),
('0707098003', 569),
('0711028201', 570),
('9937000068', 574),
('0025048602', 575),
('0024118503', 576),
('9937000068', 577),
('0731076503', 578),
('0005078908', 579),
('0711028201', 581),
('0717037901', 582),
('0717037901', 583),
('0006018407', 584),
('0019067008', 585),
('0707098003', 586),
('198902052018032000', 587),
('198805252018031000', 588),
('0025048602', 589);

-- --------------------------------------------------------

--
-- Table structure for table `m_pengusul`
--

CREATE TABLE `m_pengusul` (
  `usul_id` int(11) NOT NULL,
  `usul_npm` varchar(12) NOT NULL,
  `usul_trx` int(11) NOT NULL,
  `usul_urut` int(11) NOT NULL
) ENGINE=InnoDB DEFAULT CHARSET=latin1;

--
-- Dumping data for table `m_pengusul`
--

INSERT INTO `m_pengusul` (`usul_id`, `usul_npm`, `usul_trx`, `usul_urut`) VALUES
(291, '17081010069', 108, 1),
(295, '17081010060', 108, 2),
(296, '17081010073', 108, 3),
(297, '18082010014', 108, 4),
(381, '18081010093', 142, 1),
(384, '18081010072', 142, 2),
(385, '18081010060', 144, 1),
(386, '18081010075', 142, 3),
(387, '18081010115', 144, 2),
(388, '18081010142', 144, 3),
(398, '17082010029', 146, 1),
(399, '17082010007', 146, 2),
(400, '17082010012', 146, 3),
(401, '18081010085', 147, 1),
(402, '18081010108', 147, 2),
(403, '18081010118', 147, 3),
(408, '1634010014', 150, 1),
(409, '1634010004', 150, 2),
(411, '1634010012', 150, 3),
(435, '18081010124', 162, 1),
(436, '18081010122', 162, 2),
(437, '18081010136', 162, 3),
(446, '17081010106', 165, 1),
(447, '18071010011', 165, 2),
(448, '17081010085', 165, 3),
(455, '17081010085', 167, 1),
(456, '17081010099', 167, 2),
(457, '17081010037', 167, 3),
(492, '18081010007', 180, 1),
(493, '18081010077', 180, 2),
(495, '18081010009', 180, 3),
(525, '17081010011', 193, 1),
(526, '17081010022', 193, 2),
(527, '17081010075', 193, 3),
(577, '17082010043', 212, 1),
(578, '18081010122', 212, 2),
(579, '19082010073', 212, 3),
(581, '17082010042', 214, 1),
(587, '18081010079', 214, 2),
(588, '19082010109', 214, 3),
(631, '17081010080', 230, 1),
(634, '18081010026', 230, 2),
(636, '18081010061', 230, 3),
(646, '17081010088', 235, 1),
(647, '17081010081', 235, 2),
(648, '17081010099', 235, 3),
(663, '17081010092', 240, 1),
(664, '18081010007', 240, 2),
(665, '18081010001', 240, 3),
(697, '17081010018', 254, 1),
(698, '17031010047', 254, 2),
(699, '17025010035', 254, 3),
(707, '17081010008', 257, 1),
(708, '17071010024', 257, 2),
(709, '17052010002', 257, 3),
(732, '17082010055', 268, 1),
(733, '17082010024', 268, 2),
(734, '17082010017', 268, 3),
(738, '1635010036', 271, 1),
(739, '1635010034', 271, 2),
(740, '1635010004', 271, 3),
(773, '17081010074', 287, 1),
(775, '17081010026', 287, 2),
(777, '17081010040', 287, 3),
(781, '17081010082', 289, 1),
(782, '18081010061', 289, 2),
(783, '18082010002', 290, 1),
(784, '1634010058', 289, 3),
(785, '18082010085', 290, 2),
(786, '17082010027', 290, 3),
(792, '1634010058', 289, 3),
(793, '18081010061', 289, 2),
(795, '1634010022', 289, 3),
(797, '1634010022', 289, 3),
(816, '17082010050', 303, 1),
(817, '18082010080', 303, 2),
(820, '19081010028', 303, 3),
(836, '18082010069', 309, 1),
(837, '18082010055', 309, 2),
(838, '18082010077', 309, 3),
(839, '18082010083', 309, 4),
(840, '17082010048', 310, 1),
(841, '19081010037', 310, 2),
(842, '19082010043', 310, 3),
(843, '18082010083', 309, 4),
(857, '17081010097', 316, 1),
(860, '18081010052', 316, 2),
(861, '17081010041', 316, 3),
(887, '18081010126', 327, 1),
(888, '18081010139', 327, 2),
(889, '18081010148', 327, 3),
(890, '18081010146', 327, 4),
(907, '18081010034', 335, 1),
(908, '18081010017', 335, 2),
(909, '18081010028', 335, 3),
(910, '18081010005', 335, 4),
(911, '17081010059', 336, 1),
(912, '17081010088', 336, 2),
(913, '17071010010', 336, 3),
(917, '17081010041', 338, 1),
(918, '17081010059', 338, 2),
(919, '17082010033', 338, 3),
(923, '18081010064', 340, 1),
(924, '18081010066', 340, 2),
(925, '18081010067', 340, 3),
(926, '18081010068', 340, 4),
(927, '18081010153', 340, 5),
(942, '17081010002', 345, 1),
(943, '17032010026', 345, 2),
(944, '1634010047', 345, 3),
(945, '1634010047', 345, 3),
(952, '18081010002', 348, 1),
(953, '18025010181', 348, 2),
(954, '18032010031', 348, 3),
(961, '18081010040', 351, 1),
(962, '18081010027', 351, 2),
(963, '18081010042', 351, 3),
(964, '18081010048', 351, 4),
(965, '18081010049', 351, 5),
(973, '17081010010', 354, 1),
(974, '17081010006', 354, 2),
(975, '17081010102', 354, 3),
(985, '17081010090', 358, 1),
(986, '18081010111', 358, 2),
(987, '17081010093', 358, 3),
(988, '18081010079', 359, 1),
(989, '18081010080', 359, 2),
(990, '18081010099', 359, 3),
(991, '18081010125', 359, 4),
(1015, '18081010019', 372, 1),
(1016, '18081010008', 372, 2),
(1017, '18081010055', 372, 3),
(1024, '18081010023', 375, 1),
(1025, '18081010030', 375, 2),
(1026, '18081010138', 375, 3),
(1030, '17081010008', 377, 1),
(1031, '17071010024', 377, 2),
(1032, '17052010002', 377, 3),
(1033, '17081010056', 378, 1),
(1034, '18081010123', 378, 2),
(1035, '1634010034', 378, 3),
(1047, '18081010071', 382, 1),
(1048, '18081010098', 382, 2),
(1049, '18081010109', 382, 3),
(1056, '17081010026', 385, 1),
(1057, '1634010053', 385, 2),
(1058, '17025010107', 385, 3),
(1059, '17081010033', 386, 1),
(1060, '17081010025', 386, 2),
(1061, '17025010062', 386, 3),
(1062, '17032010054', 386, 4),
(1066, '18081010038', 388, 1),
(1067, '18081010002', 388, 2),
(1068, '18081010045', 388, 3),
(1069, '18081010043', 388, 4),
(1070, '18081010043', 388, 4),
(1088, '1634010014', 396, 1),
(1089, '1634010012', 396, 2),
(1090, '1634010004', 396, 3),
(1091, '17082010054', 397, 1),
(1094, '18081010007', 397, 2),
(1096, '19082010075', 397, 3),
(1104, '17082010057', 402, 1),
(1105, '17081010032', 402, 2),
(1106, '18081010016', 402, 3),
(1109, '17081010098', 404, 1),
(1111, '17081010033', 404, 2),
(1113, '17081010024', 404, 3),
(1115, '18081010113', 405, 1),
(1116, '18081010031', 405, 2),
(1117, '18081010021', 405, 3),
(1118, '18081010003', 405, 4),
(1119, '18081010121', 406, 1),
(1120, '18081010117', 406, 2),
(1121, '18081010150', 406, 3),
(1122, '18081010127', 407, 1),
(1123, '18081010065', 407, 2),
(1124, '18081010053', 407, 3),
(1125, '18081010059', 407, 4),
(1126, '17081010007', 408, 1),
(1127, '17012010013', 408, 2),
(1128, '17042010002', 408, 3),
(1129, '17081010007', 409, 1),
(1130, '17081010101', 409, 2),
(1131, '17081010075', 409, 3),
(1132, '17082010014', 410, 1),
(1133, '17082010006', 410, 2),
(1134, '17082010005', 410, 3),
(1141, '17081010029', 413, 1),
(1142, '17025010051', 413, 2),
(1143, '18081010001', 413, 3),
(1150, '17081010092', 416, 1),
(1151, '18081010001', 416, 2),
(1152, '18081010007', 416, 3),
(1155, '18081010124', 419, 1),
(1156, '18081010122', 419, 2),
(1157, '18081010136', 419, 3),
(1161, '17081010102', 421, 1),
(1162, '17081010044', 421, 2),
(1163, '17081010086', 421, 3),
(1179, '17082010001', 427, 1),
(1180, '17081010033', 427, 2),
(1181, '18082010013', 427, 3),
(1187, '17082010005', 430, 1),
(1188, '19081010039', 430, 2),
(1189, '18082010063', 430, 3),
(1190, '17081010045', 430, 4),
(1191, '18082010038', 430, 5),
(1195, '18081010014', 432, 1),
(1196, '18081010037', 432, 2),
(1197, '18081010091', 432, 3),
(1198, '18081010104', 432, 4),
(1199, '18081010107', 432, 5),
(1200, '17081010032', 433, 1),
(1201, '17081010024', 433, 2),
(1202, '1652010018', 433, 3),
(1211, '18081010001', 437, 1),
(1212, '18081010039', 437, 2),
(1213, '18081010123', 437, 3),
(1214, '18081010129', 438, 1),
(1215, '18081010092', 438, 2),
(1216, '18081010106', 438, 3),
(1223, '17082010029', 441, 1),
(1224, '17082010007', 441, 2),
(1225, '17082010012', 441, 3),
(1226, '17082010038', 442, 1),
(1227, '18082010029', 442, 2),
(1228, '19081010046', 442, 3),
(1229, '18041010073', 442, 4),
(1230, '18013010089', 442, 5),
(1233, '17081010004', 444, 1),
(1234, '17081010038', 444, 2),
(1235, '17024010041', 444, 3),
(1245, '17082010011', 447, 1),
(1246, '17082010008', 447, 2),
(1247, '17082010025', 447, 3),
(1248, '19082010095', 448, 1),
(1249, '1371010018', 448, 2),
(1250, '1471015002', 448, 2),
(1251, '1471015002', 448, 3),
(1252, '1471015002', 448, 3),
(1253, '1471015002', 448, 2),
(1254, '19082010095', 449, 1),
(1255, '19082010095', 450, 1),
(1260, '17082010032', 453, 1),
(1261, '18082010030', 453, 2),
(1262, '19081010034', 453, 3),
(1271, '18082010014', 456, 1),
(1272, '18051010049', 456, 2),
(1273, '18043010029', 456, 3),
(1277, '17082010053', 458, 1),
(1278, '18081010124', 458, 2),
(1279, '19082010101', 458, 3),
(1285, '17082010016', 461, 1),
(1286, '17082010021', 461, 2),
(1287, '17082010019', 461, 3),
(1292, '17082010039', 465, 1),
(1293, '18082010014', 465, 2),
(1294, '19081010038', 465, 3),
(1298, '17082010031', 467, 1),
(1299, '18082010026', 467, 2),
(1300, '19081010015', 467, 3),
(1301, '17082010009', 468, 1),
(1302, '17082010027', 468, 2),
(1303, '17082010030', 468, 3),
(1304, '18081010083', 469, 1),
(1305, '17024010114', 469, 2),
(1306, '1542010068', 469, 3),
(1307, '17081010078', 470, 1),
(1308, '17025010111', 470, 2),
(1309, '17034010051', 470, 3),
(1310, '17082010036', 471, 1),
(1311, '18081010083', 471, 2),
(1312, '17082010033', 471, 3),
(1313, '17082010037', 472, 1),
(1314, '18082010069', 472, 2),
(1315, '19081010023', 472, 3),
(1324, '17082010052', 475, 1),
(1325, '18082010062', 475, 2),
(1326, '18081010149', 476, 1),
(1327, '17082010034', 477, 1),
(1328, '18082010025', 475, 3),
(1329, '18081010050', 476, 2),
(1330, '18082010083', 477, 2),
(1331, '18081010051', 476, 3),
(1332, '18082010014', 477, 3),
(1333, '18081010102', 476, 4),
(1334, '18081010119', 476, 5),
(1335, '17082010056', 478, 1),
(1336, '18081010139', 478, 2),
(1337, '19082010117', 478, 3),
(1338, '17082010051', 479, 1),
(1339, '17081010038', 479, 2),
(1340, '19081010023', 479, 3),
(1344, '17082010036', 481, 1),
(1345, '18081010083', 481, 2),
(1346, '17082010033', 481, 3),
(1347, '17082010046', 482, 1),
(1348, '19082010091', 482, 2),
(1349, '18081010121', 482, 3),
(1352, '18081010061', 484, 1),
(1353, '18081010035', 484, 2),
(1354, '18081010105', 484, 3),
(1355, '17082010023', 485, 1),
(1356, '17082010013', 485, 2),
(1357, '17082010026', 485, 3),
(1369, '18081010116', 489, 1),
(1370, '18081010154', 489, 2),
(1371, '18081010140', 489, 3),
(1372, '18081010133', 489, 4),
(1373, '18082010069', 490, 1),
(1374, '18082010055', 490, 2),
(1375, '18082010077', 490, 3),
(1376, '18082010083', 490, 4),
(1388, '17081010067', 494, 1),
(1389, '17081010016', 494, 2),
(1390, '17081010060', 494, 3),
(1391, '17081010050', 494, 4),
(1392, '1634010057', 494, 5),
(1393, '19081010127', 495, 1),
(1394, '18081010102', 495, 2),
(1395, '18043010205', 495, 3),
(1396, '17082010055', 496, 1),
(1397, '17082010024', 496, 2),
(1398, '17082010017', 496, 3),
(1403, '18081010052', 498, 1),
(1404, '18081010110', 498, 2),
(1405, '18081010143', 498, 3),
(1406, '18081010145', 498, 4),
(1411, '17081010027', 501, 1),
(1412, '17081010023', 502, 1),
(1413, '1634010085', 501, 2),
(1414, '18081010134', 502, 2),
(1415, '18081010073', 503, 1),
(1416, '17081010057', 502, 3),
(1417, '18081010111', 503, 2),
(1418, '18081010095', 503, 3),
(1419, '17031010065', 501, 3),
(1423, '17082010058', 505, 1),
(1424, '19082010081', 505, 2),
(1425, '18081010128', 505, 3),
(1429, '18081010101', 507, 1),
(1430, '18081010103', 507, 2),
(1431, '18081010112', 507, 3),
(1438, '17081010079', 510, 1),
(1439, '18081010064', 510, 2),
(1440, '1634010058', 510, 3),
(1441, '17081010025', 511, 1),
(1442, '17025010059', 511, 2),
(1443, '18034010014', 511, 3),
(1444, '17081010096', 512, 1),
(1445, '17081010003', 512, 2),
(1446, '18081010090', 512, 3),
(1450, '18081010016', 514, 1),
(1451, '18081010069', 514, 2),
(1452, '18081010024', 514, 3),
(1453, '17081010035', 515, 1),
(1454, '17081010025', 515, 2),
(1455, '17081010101', 515, 3),
(1456, '17081010060', 516, 1),
(1457, '17081010065', 516, 2),
(1458, '17081010043', 516, 3),
(1459, '17081010033', 517, 1),
(1460, '17081010033', 518, 1),
(1461, '17081010033', 519, 1),
(1462, '17081010033', 520, 1),
(1463, '17081010025', 520, 2),
(1464, '17081010025', 520, 2),
(1465, '17081010006', 521, 1),
(1466, '17081010013', 521, 2),
(1467, '18081010152', 521, 3),
(1468, '17081010033', 522, 1),
(1469, '17081010033', 523, 1),
(1470, '17081010025', 523, 2),
(1471, '17025010062', 523, 3),
(1472, '17081010025', 523, 2),
(1473, '17081010033', 524, 1),
(1474, '17081010033', 525, 1),
(1475, '17081010025', 525, 2),
(1476, '17081010025', 525, 2),
(1477, '17025010062', 525, 3),
(1478, '17032010054', 525, 4),
(1479, '17081010006', 526, 1),
(1480, '17081010003', 526, 2),
(1481, '17081010063', 526, 3),
(1482, '17081010063', 527, 1),
(1483, '17081010034', 527, 2),
(1484, '18081010003', 527, 3),
(1485, '17081010013', 528, 1),
(1486, '17081010026', 528, 2),
(1487, '18081010088', 528, 3),
(1488, '17082010001', 529, 1),
(1489, '17081010033', 529, 2),
(1490, '18082010013', 529, 3),
(1491, '18082010013', 529, 3),
(1492, '17081010003', 530, 1),
(1493, '17025010068', 530, 2),
(1494, '18081010122', 530, 3),
(1495, '17081010001', 531, 1),
(1496, '1634010038', 531, 2),
(1497, '17033010022', 531, 3),
(1498, '17081010016', 532, 1),
(1499, '17081010029', 532, 2),
(1500, '18081010040', 532, 3),
(1501, '17081010036', 533, 1),
(1502, '17081010054', 533, 2),
(1503, '17081010060', 533, 3),
(1504, '17081010024', 534, 1),
(1505, '17034010017', 534, 2),
(1506, '18081010045', 534, 3),
(1507, '17081010034', 535, 1),
(1508, '17081010004', 535, 2),
(1509, '17025010009', 535, 3),
(1513, '17081010037', 537, 1),
(1514, '18081010031', 537, 2),
(1515, '19081010110', 537, 3),
(1521, '17081010019', 539, 1),
(1522, '17082010012', 539, 2),
(1523, '17081010002', 539, 3),
(1524, '17081010099', 540, 1),
(1525, '1634010027', 540, 2),
(1526, '18081010001', 540, 3),
(1527, '17081010020', 541, 1),
(1528, '17081010016', 541, 2),
(1529, '17011010074', 541, 3),
(1536, '17081010089', 544, 1),
(1537, '18081010131', 544, 2),
(1538, '18081010052', 544, 3),
(1542, '17081010005', 546, 1),
(1543, '17081010036', 546, 2),
(1544, '17024010009', 546, 3),
(1545, '18081010057', 547, 1),
(1546, '18081010130', 547, 2),
(1547, '19081010083', 547, 3),
(1551, '17081010017', 549, 1),
(1552, '17025010026', 549, 2),
(1553, '18025010002', 549, 3),
(1554, '17081010017', 550, 1),
(1555, '17081010019', 550, 2),
(1556, '17081010037', 550, 3),
(1567, '18081010013', 555, 1),
(1568, '18032010013', 555, 2),
(1569, '18025010030', 555, 3),
(1570, '17082010044', 556, 1),
(1571, '18082010065', 556, 2),
(1572, '19081010040', 556, 3),
(1573, '17082010010', 557, 1),
(1574, '17082010004', 557, 2),
(1575, '17082010022', 557, 3),
(1576, '17081010072', 558, 1),
(1577, '17081010099', 558, 2),
(1578, '17013010058', 558, 3),
(1579, '17052010003', 558, 4),
(1580, '18081010110', 558, 5),
(1587, '18081010011', 561, 1),
(1588, '18081010015', 561, 2),
(1589, '18081010033', 561, 3),
(1590, '18012010193', 561, 4),
(1591, '18034010035', 561, 5),
(1592, '18034010035', 561, 5),
(1593, '17081010057', 562, 1),
(1594, '17041010034', 562, 2),
(1595, '17041010042', 562, 3),
(1596, '17041010082', 562, 4),
(1597, '18081010096', 562, 5),
(1607, '18081010090', 566, 1),
(1608, '18081010089', 566, 2),
(1609, '18081010120', 566, 3),
(1614, '18081010126', 568, 1),
(1615, '18081010148', 568, 2),
(1616, '18081010139', 568, 3),
(1617, '18081010146', 568, 4),
(1618, '18081010020', 569, 1),
(1619, '18081010081', 569, 2),
(1620, '17081010104', 569, 3),
(1621, '18081010087', 570, 1),
(1622, '18081010088', 570, 2),
(1623, '18081010134', 570, 3),
(1624, '18081010135', 570, 4),
(1630, '18081010152', 574, 1),
(1631, '18081010029', 574, 2),
(1632, '18081010032', 574, 3),
(1633, '18081010007', 575, 1),
(1634, '18081010009', 575, 2),
(1635, '18081010077', 575, 3),
(1636, '17082010049', 576, 1),
(1637, '18082010001', 576, 2),
(1638, '19081010022', 576, 3),
(1639, '18081010010', 577, 1),
(1640, '18081010025', 577, 2),
(1641, '18081010036', 577, 3),
(1642, '18081010129', 578, 1),
(1643, '18081010092', 578, 2),
(1644, '18081010106', 578, 3),
(1645, '17081010012', 579, 1),
(1646, '17081010038', 579, 2),
(1647, '18081010032', 579, 3),
(1651, '1634010094', 581, 1),
(1652, '1634010066', 581, 2),
(1653, '18081010048', 581, 3),
(1654, '17082010024', 582, 1),
(1655, '17082010028', 583, 1),
(1656, '17082010001', 582, 2),
(1657, '17082010002', 583, 2),
(1658, '17082010015', 582, 3),
(1659, '17082010017', 583, 3),
(1660, '17081010070', 584, 1),
(1661, '19081010097', 584, 2),
(1662, '19081010049', 584, 3),
(1663, '18081010006', 585, 1),
(1664, '18081010022', 585, 2),
(1665, '18081010026', 585, 3),
(1666, '1634010014', 586, 1),
(1667, '1634010012', 586, 2),
(1668, '1634010004', 586, 3),
(1669, '17081010009', 587, 1),
(1670, '17071010014', 587, 2),
(1671, '1634010085', 587, 3),
(1672, '17081010008', 588, 1),
(1673, '17071010024', 588, 2),
(1674, '17052010002', 588, 3),
(1675, '17081010027', 589, 1),
(1676, '1634010085', 589, 2),
(1677, '17031010065', 589, 3);

-- --------------------------------------------------------

--
-- Table structure for table `m_reviewer`
--

CREATE TABLE `m_reviewer` (
  `rev_id` int(11) NOT NULL,
  `rev_npt` varchar(20) NOT NULL,
  `rev_trx` int(11) NOT NULL,
  `rev_status` int(11) NOT NULL DEFAULT 1,
  `rev_keterangan` text DEFAULT NULL,
  `rev_kunci` int(11) DEFAULT NULL,
  `rev_urut` int(11) NOT NULL
) ENGINE=InnoDB DEFAULT CHARSET=latin1;

--
-- Dumping data for table `m_reviewer`
--

INSERT INTO `m_reviewer` (`rev_id`, `rev_npt`, `rev_trx`, `rev_status`, `rev_keterangan`, `rev_kunci`, `rev_urut`) VALUES
(1, '0714028703', 1, 2, 'COBA 1', 2, 1),
(2, '0718058401', 1, 2, 'SEDIKIT PERBAIKAN PADA BAB II', 2, 2),
(3, '0025048602', 2, 1, NULL, 1, 1),
(4, '0019067008', 2, 3, 'TIDAK LOLOS', 1, 2),
(5, '0019067008', 3, 3, 'PERFECT', 2, 1),
(6, '0025048602', 3, 1, NULL, 1, 2);

-- --------------------------------------------------------

--
-- Table structure for table `m_tahun`
--

CREATE TABLE `m_tahun` (
  `tahun_id` int(11) NOT NULL,
  `tahun_ke` char(4) NOT NULL,
  `tahun_aktif` varchar(10) NOT NULL
) ENGINE=InnoDB DEFAULT CHARSET=latin1;

--
-- Dumping data for table `m_tahun`
--

INSERT INTO `m_tahun` (`tahun_id`, `tahun_ke`, `tahun_aktif`) VALUES
(1, '2018', 'PASIF'),
(2, '2019', 'PASIF'),
(3, '2020', 'AKTIF');

-- --------------------------------------------------------

--
-- Table structure for table `progdi`
--

CREATE TABLE `progdi` (
  `KD_PROGDI` varchar(10) NOT NULL,
  `KD_FAK` varchar(10) DEFAULT NULL,
  `NM_PROGDI` varchar(30) DEFAULT NULL
) ENGINE=MyISAM DEFAULT CHARSET=utf8;

--
-- Dumping data for table `progdi`
--

INSERT INTO `progdi` (`KD_PROGDI`, `KD_FAK`, `NM_PROGDI`) VALUES
('K00001', 'F00007', 'Teknik Informatika'),
('K00002', 'F00007', 'Sistem Informasi'),
('K00003', 'F00002', 'Akuntansi'),
('K00004', 'F00002', 'Ekonomi Pembangunan'),
('K00005', 'F00002', 'Manajemen'),
('K00006', 'F00001', 'Teknik Kimia'),
('K00007', 'F00001', 'Teknik Industri'),
('K00008', 'F00001', 'Teknologi Pangan'),
('K00009', 'F00003', 'Ilmu Komunikasi'),
('K00010', 'F00003', 'Ilmu Administrasi Bisnis'),
('K00011', 'F00003', 'Ilmu Administrasi Negara'),
('K00012', 'F00003', 'Hubungan Internasional'),
('K00013', 'F00004', 'Teknik Arsitektur'),
('K00014', 'F00001', 'Teknik Sipil'),
('K00015', 'F00001', 'Teknik Lingkungan'),
('K00016', 'F00004', 'Desain Komunikasi Visual'),
('K00017', 'F00005', 'Agribisnis'),
('K00018', 'F00005', 'Agroteknologi'),
('K00019', 'F00006', 'Ilmu Hukum'),
('K00020', 'F00007', 'Belum Ada');

-- --------------------------------------------------------

--
-- Table structure for table `trx_pengajuan`
--

CREATE TABLE `trx_pengajuan` (
  `trx_id` int(11) NOT NULL,
  `kat_id` int(11) NOT NULL,
  `tahun_id` int(11) NOT NULL,
  `trx_judul` text NOT NULL,
  `trx_usulandana` int(11) NOT NULL,
  `trx_waktu` timestamp NOT NULL DEFAULT current_timestamp(),
  `trx_jumlah` int(11) NOT NULL,
  `trx_unggah` text NOT NULL
) ENGINE=InnoDB DEFAULT CHARSET=latin1;

--
-- Dumping data for table `trx_pengajuan`
--

INSERT INTO `trx_pengajuan` (`trx_id`, `kat_id`, `tahun_id`, `trx_judul`, `trx_usulandana`, `trx_waktu`, `trx_jumlah`, `trx_unggah`) VALUES
(108, 5, 3, 'COCOLA (COFFEE COLOR CLASSIFICATION)', 10295500, '2019-11-11 01:25:36', 4, 'https://belmawa.ifupnjatim.ac.id/base_prop/upnvjt-108.pdf'),
(142, 1, 3, 'Sirup Kulit Buah Naga Untuk Mencegah Pecahnya Pembuluh Darah', 6252000, '2019-11-11 04:49:24', 3, 'https://belmawa.ifupnjatim.ac.id/base_prop/upnvjt-142.pdf'),
(144, 8, 3, 'ALAT PENDETEKSI JARAK BERDASARKAN VOLUME BAHAN BAKAR BERBASIS ARDUINO \r\n ', 10225000, '2019-11-11 04:50:30', 3, 'https://belmawa.ifupnjatim.ac.id/base_prop/upnvjt-144.pdf'),
(146, 4, 3, 'Pelatihan CRATINGDENG (Creative Studying And Learning)\r\nUntuk Memacu Kreativitas dan Semangat Belajar Melalui Pemanfaatan Google Classroom Sebagai Learning Management System', 5016000, '2019-11-11 04:56:19', 3, 'https://belmawa.ifupnjatim.ac.id/base_prop/upnvjt-146.pdf'),
(147, 10, 3, 'Bensin-Q', 6800000, '2019-11-11 05:00:22', 3, 'https://belmawa.ifupnjatim.ac.id/base_prop/upnvjt-147.pdf'),
(150, 8, 3, 'pembuatan sistem aplikasi kasir', 11250000, '2019-11-11 05:04:21', 3, 'https://belmawa.ifupnjatim.ac.id/base_prop/upnvjt-150.pdf'),
(162, 1, 3, 'PENGHARUM GANTUNG AKAR WANGI', 5000000, '2019-11-11 05:46:34', 3, 'https://belmawa.ifupnjatim.ac.id/base_prop/upnvjt-162.pdf'),
(165, 8, 3, 'METODE PEMBELAJARAN GAMELAN BERBASIS APLIKASI ANDROID', 8350000, '2019-11-11 05:57:29', 3, 'https://belmawa.ifupnjatim.ac.id/base_prop/upnvjt-165.pdf'),
(167, 1, 3, 'PEMBUATAN JAM DINDING UNIK', 12, '2019-11-11 06:12:14', 3, 'https://belmawa.ifupnjatim.ac.id/base_prop/upnvjt-167.pdf'),
(180, 1, 3, 'PKM-K TEMAN(Tebu Mainan) - Pengolahan Limbah Tebu Untuk Mainan Anak', 10036000, '2019-11-11 06:59:18', 3, 'https://belmawa.ifupnjatim.ac.id/base_prop/upnvjt-180.pdf'),
(193, 5, 3, 'Pendeteksi penyakit mata', 8000000, '2019-11-11 07:29:41', 3, 'https://belmawa.ifupnjatim.ac.id/base_prop/upnvjt-193.pdf'),
(212, 9, 3, 'ANALISA PERBANDINGAN TINGKAT KEAMANAN WEBSITE PADA FRAMEWORK LARAVEL DAN CODE IGNITER', 9550000, '2019-11-11 08:47:49', 3, 'https://belmawa.ifupnjatim.ac.id/base_prop/upnvjt-212.pdf'),
(214, 9, 3, 'EFEK IMUNOSTIMULAN PADUAN LIDAH BUAYA (Aloe vera) DAN MADU LEBAH (Apis dorsata) PADA IKAN NILA (Oreochromis niloticus) YANG TERINFESTASI Aeromonas hydrophila', 6330700, '2019-11-11 08:55:11', 3, 'https://belmawa.ifupnjatim.ac.id/base_prop/upnvjt-214.pdf'),
(230, 4, 3, 'Mari Mengingat Sejarah Melalui Sidoarjo Kuno', 8100000, '2019-11-11 10:04:22', 3, 'https://belmawa.ifupnjatim.ac.id/base_prop/upnvjt-230.pdf'),
(235, 5, 3, 'ASCABAN (Aplikasi Scan QRCODE Pada Batu Nisan)', 10300000, '2019-11-11 10:09:46', 3, 'https://belmawa.ifupnjatim.ac.id/base_prop/upnvjt-235.pdf'),
(240, 8, 3, 'Si Mantra : Sistem Cerdas Pengenalan Objek Sebagai Pemandu Tunanetra', 10050000, '2019-11-11 10:37:55', 3, 'https://belmawa.ifupnjatim.ac.id/base_prop/upnvjt-240.pdf'),
(254, 8, 3, 'Alat Pembasmi Eceng Gondok Upaya Mengurangi Tanaman Pengganggu Di Wilayah Rungkut Surabaya', 10000000, '2019-11-11 11:43:47', 3, 'https://belmawa.ifupnjatim.ac.id/base_prop/upnvjt-254.pdf'),
(257, 8, 3, 'Instrumentasi Gastroskopi Android', 13100000, '2019-11-11 12:05:32', 3, 'https://belmawa.ifupnjatim.ac.id/base_prop/upnvjt-257.pdf'),
(268, 1, 3, 'KEPO (Kopi Ektrak Perasan Organik)', 27025984, '2019-11-11 13:09:00', 3, 'https://belmawa.ifupnjatim.ac.id/base_prop/upnvjt-268.pdf'),
(271, 10, 3, 'TRANSPORTASI KOTA CERDAS BERTENAGA LISTRIK ALAMI\r\n(TATAS-GALISA)\r\n', 0, '2019-11-11 13:16:39', 3, 'https://belmawa.ifupnjatim.ac.id/base_prop/upnvjt-271.pdf'),
(287, 8, 3, 'K-POP Addiction Meter Berbasis Android untuk mengukur tingkat kecaduan terhadap Budaya Pop Korea Selatan', 11300000, '2019-11-11 14:32:03', 3, 'https://belmawa.ifupnjatim.ac.id/base_prop/upnvjt-287.pdf'),
(289, 12, 3, 'Penyabu kok (penyaring air dengan abu rokok)', 9000000, '2019-11-11 14:33:08', 3, 'https://belmawa.ifupnjatim.ac.id/base_prop/upnvjt-289.pdf'),
(290, 10, 3, 'PKK (PUPUK KOTORAN KELINCI)', 0, '2019-11-11 14:35:51', 3, 'https://belmawa.ifupnjatim.ac.id/base_prop/upnvjt-290.pdf'),
(303, 1, 3, 'PKM-K DINSU MADANAS', 5120000, '2019-11-11 15:27:19', 3, 'https://belmawa.ifupnjatim.ac.id/base_prop/upnvjt-303.pdf'),
(309, 1, 3, 'PEMANFAATAN DAUN AFRIKA SEBAGAI TEH KESEHATAN', 5868750, '2019-11-11 15:40:01', 4, 'https://belmawa.ifupnjatim.ac.id/base_prop/upnvjt-309.pdf'),
(310, 8, 3, ' SERABUTAN  ( Aplikasi Penyedia Jasa Instant )', 11775000, '2019-11-11 15:42:33', 3, 'https://belmawa.ifupnjatim.ac.id/base_prop/upnvjt-310.pdf'),
(316, 5, 3, 'Mesin Pembersih Sepatu', 9000000, '2019-11-11 16:02:22', 3, 'https://belmawa.ifupnjatim.ac.id/base_prop/upnvjt-316.pdf'),
(327, 1, 3, 'INI SI ES MUBAL (INOVASI ESKRIM JAMU HERBAL)\r\nSOLUSI KEKINIAN MENIKMATI JAMU', 9290000, '2019-11-14 03:42:35', 4, 'https://belmawa.ifupnjatim.ac.id/base_prop/upnvjt-327.pdf'),
(335, 5, 3, 'Digitalisasi Pedagang Kaki Lima (DIKALI)', 8300000, '2019-11-14 06:41:59', 4, 'https://belmawa.ifupnjatim.ac.id/base_prop/upnvjt-335.pdf'),
(336, 8, 3, 'OK PRINT APLIKASI CETAK DOKUMEN ONLINE BERBASIS WEB', 10973688, '2019-11-14 09:37:48', 3, 'https://belmawa.ifupnjatim.ac.id/base_prop/upnvjt-336.pdf'),
(338, 8, 3, 'SPESIFIKASI LAPTOP DENGAN QRCODE (SIFIKAL CODE)', 9010000, '2019-11-14 15:40:33', 3, 'https://belmawa.ifupnjatim.ac.id/base_prop/upnvjt-338.pdf'),
(340, 1, 3, '\"SI WANI\" (Siomay Warna-Warni)', 10262500, '2019-11-15 00:45:47', 5, 'https://belmawa.ifupnjatim.ac.id/base_prop/upnvjt-340.pdf'),
(345, 8, 3, 'Controller and Data Liquid Monitoring of Vehicle based on Android', 9850000, '2019-11-15 07:55:28', 3, 'https://belmawa.ifupnjatim.ac.id/base_prop/upnvjt-345.pdf'),
(348, 8, 3, 'DESUNO (Detect Mangrove Pest System Using Arduino Uno)', 10254000, '2019-11-15 12:11:09', 3, 'https://belmawa.ifupnjatim.ac.id/base_prop/upnvjt-348.pdf'),
(351, 1, 3, 'LA MASKA (Inovasi Masker Wajah Alami dari Daun Katuk)', 5969000, '2019-11-16 01:33:15', 5, 'https://belmawa.ifupnjatim.ac.id/base_prop/upnvjt-351.pdf'),
(354, 8, 3, 'AKTUAL BAND (Aplikasi Karcis Virtual Berbasis Android) Dengan Scan QRCode', 11487294, '2019-11-16 11:57:01', 3, 'https://belmawa.ifupnjatim.ac.id/base_prop/upnvjt-354.pdf'),
(358, 4, 3, 'Meningkatkan Kebiasaan Membaca Masyarakat Jalanan Dengan \r\nProgram Tbn Taman Baca Nomaden', 7890000, '2019-11-16 12:26:13', 3, 'https://belmawa.ifupnjatim.ac.id/base_prop/upnvjt-358.pdf'),
(359, 1, 3, 'Keripik Pisang Varian (SANGAR)', 6027500, '2019-11-16 12:34:34', 4, 'https://belmawa.ifupnjatim.ac.id/base_prop/upnvjt-359.pdf'),
(372, 8, 3, 'MUA Q (Make Up Artist)', 7480000, '2019-11-17 10:04:04', 3, 'https://belmawa.ifupnjatim.ac.id/base_prop/upnvjt-372.pdf'),
(375, 8, 3, 'Urban Hi-Aquaponics', 11754500, '2019-11-17 12:18:47', 3, 'https://belmawa.ifupnjatim.ac.id/base_prop/upnvjt-375.pdf'),
(377, 8, 3, 'Instrumentasi Gastroskopi Android', 10500000, '2019-11-17 12:57:55', 3, 'https://belmawa.ifupnjatim.ac.id/base_prop/upnvjt-377.pdf'),
(378, 8, 3, 'STARTUP APLIKASI ANDROID APaTar (Aplikasi Pencari Kontrakan)', 7000000, '2019-11-17 13:55:07', 3, 'https://belmawa.ifupnjatim.ac.id/base_prop/upnvjt-378.pdf'),
(382, 1, 3, 'RESIK', 11600000, '2019-11-17 14:53:32', 3, 'https://belmawa.ifupnjatim.ac.id/base_prop/upnvjt-382.pdf'),
(385, 8, 3, 'Robot Amfibi Penyiraman Tanaman Bawang Merah Berbasis Mikrokontroler', 11956000, '2019-11-18 00:03:21', 3, 'https://belmawa.ifupnjatim.ac.id/base_prop/upnvjt-385.pdf'),
(386, 5, 3, 'Sistem Penyiraman Tanaman Bawang Merah Berbasis Internet Of Things', 9736000, '2019-11-18 01:27:56', 4, 'https://belmawa.ifupnjatim.ac.id/base_prop/upnvjt-386.pdf'),
(388, 1, 3, 'MIDRIB (Produk Unik Limbah Pelepah Pisang) ', 7870000, '2019-11-18 03:15:42', 4, 'https://belmawa.ifupnjatim.ac.id/base_prop/upnvjt-388.pdf'),
(396, 8, 3, 'Pembuatan sistem aplikasi Kasir ', 11250000, '2019-11-18 05:06:58', 3, 'https://belmawa.ifupnjatim.ac.id/base_prop/upnvjt-396.pdf'),
(397, 8, 3, 'STARBAK ( Seni Terapan Batik dengan Pemanfaatan Daur Ulang Plastik )', 13500000, '2019-11-18 05:09:47', 3, 'https://belmawa.ifupnjatim.ac.id/base_prop/upnvjt-397.pdf'),
(402, 1, 3, 'MEKA WAYANG (MEJA MAKAN DENGAN MOTIF WAYANG KULIT) SEBAGAI USAHA KREATIF DENGAN MEMANFAATKAN LIMBAH KERAMIK DAN PELESTARIAN BUDAYA', 11850000, '2019-11-18 06:14:36', 3, 'https://belmawa.ifupnjatim.ac.id/base_prop/upnvjt-402.pdf'),
(404, 8, 3, 'ANDROID MOTTO ASSISTANT', 13000000, '2019-11-18 06:24:08', 3, 'https://belmawa.ifupnjatim.ac.id/base_prop/upnvjt-404.pdf'),
(405, 1, 3, 'CIHAT (Cilok Sehat)', 9410000, '2019-11-18 06:43:24', 4, 'https://belmawa.ifupnjatim.ac.id/base_prop/upnvjt-405.pdf'),
(406, 8, 3, 'Culture D&S', 7687330, '2019-11-18 06:58:16', 3, 'https://belmawa.ifupnjatim.ac.id/base_prop/upnvjt-406.pdf'),
(407, 1, 3, 'BORIS(bola surprise)', 9300400, '2019-11-18 07:30:16', 4, 'https://belmawa.ifupnjatim.ac.id/base_prop/upnvjt-407.pdf'),
(408, 8, 3, 'Sistem Informasi Agroeduwisata Belimbing Madu Tuban Berbasis Android', 12500000, '2019-11-18 07:45:29', 3, 'https://belmawa.ifupnjatim.ac.id/base_prop/upnvjt-408.pdf'),
(409, 8, 3, 'Sistem Informasi Geografis Pemetaan Panti Asuhan Surabaya', 10000000, '2019-11-18 07:46:50', 3, 'https://belmawa.ifupnjatim.ac.id/base_prop/upnvjt-409.pdf'),
(410, 8, 3, 'TUKARIN AJA! : APLIKASI PENUKARAN SAMPAH \r\nDENGAN HADIAH', 12457000, '2019-11-18 08:03:21', 3, 'https://belmawa.ifupnjatim.ac.id/base_prop/upnvjt-410.pdf'),
(413, 8, 3, 'Sistem Pakar Deteksi Hama Penyakit Tanaman Cabai', 11340000, '2019-11-18 08:20:49', 3, 'https://belmawa.ifupnjatim.ac.id/base_prop/upnvjt-413.pdf'),
(416, 8, 3, 'Si Mantra : Sistem Cerdas Pengenalan Objek Sebagai Pemandu Tunanetra.', 10070000, '2019-11-18 10:42:57', 3, 'https://belmawa.ifupnjatim.ac.id/base_prop/upnvjt-416.pdf'),
(419, 1, 3, 'TASTOP (TAS LAPTOP ANTI AIR)', 8800000, '2019-11-18 10:59:08', 3, 'https://belmawa.ifupnjatim.ac.id/base_prop/upnvjt-419.pdf'),
(421, 8, 3, 'POLANTAS (Pengatur Otomatis Lampu Lalu Lintas)', 12500000, '2019-11-18 11:06:34', 3, 'https://belmawa.ifupnjatim.ac.id/base_prop/upnvjt-421.pdf'),
(427, 8, 3, 'SAMBANG DESA SEBAGAI PUSAT INFORMASI DAN JUAL BELI GUNA MENINGKATKAN PROMOSI DAN EKONOMI DESA ', 11870000, '2019-11-18 11:43:57', 3, 'https://belmawa.ifupnjatim.ac.id/base_prop/upnvjt-427.pdf'),
(430, 1, 3, '( E-KOST SURABAYA ) \r\nMEDIA PROMOSI KOST , RUMAH , PENGINAPAN , UNTUK MAHASISWA DISEKITAR KAMPUS DI SURABAYA\r\n', 12257000, '2019-11-18 12:01:38', 5, 'https://belmawa.ifupnjatim.ac.id/base_prop/upnvjt-430.pdf'),
(432, 1, 3, 'RACOTE (Rain Coat Ekonomis) Jas Hujan Banner', 11033000, '2019-11-18 12:15:32', 5, 'https://belmawa.ifupnjatim.ac.id/base_prop/upnvjt-432.pdf'),
(433, 4, 3, 'E-TRASHBAG (Elektronik Kantong Plastik) Berbasis Android Yang Terintegrasi Pada Google Maps ', 11300000, '2019-11-18 13:06:34', 3, 'https://belmawa.ifupnjatim.ac.id/base_prop/upnvjt-433.pdf'),
(437, 1, 3, 'SOSEON (SOL SEPATU ONLINE)', 12500000, '2019-11-18 13:38:52', 3, 'https://belmawa.ifupnjatim.ac.id/base_prop/upnvjt-437.pdf'),
(438, 1, 3, 'PROPOSAL PROGRAM KREATIVITAS MAHASISWA\r\nKERAJINAN KARYA SENI LUKIS ABSTRAK MEDIA DAUN KERING MENGGUNAKAN APLIKASI ADOBE PHOTOSHOP', 5094000, '2019-11-18 15:43:28', 3, 'https://belmawa.ifupnjatim.ac.id/base_prop/upnvjt-438.pdf'),
(441, 4, 3, 'Pelatihan CRATINGDENG (Creative Studying And Learning) Untuk Memacu Kreativitas dan Semangat Belajar Melalui Pemanfaatan Google Classroom Sebagai Learning Management System', 5016000, '2019-11-18 17:02:36', 3, 'https://belmawa.ifupnjatim.ac.id/base_prop/upnvjt-441.pdf'),
(442, 4, 3, 'GERDU SIGAP (Gerakan Edutainment Diseminasi P4GN Pada Save Street Child Sidoarjo)', 11100000, '2019-11-18 18:42:34', 5, 'https://belmawa.ifupnjatim.ac.id/base_prop/upnvjt-442.pdf'),
(444, 8, 3, 'Penutrisian Otomatis Tanaman Melalui Irigasi (EGRENUTRI) Berbasis XBEE', 10826000, '2019-11-18 23:01:45', 3, 'https://belmawa.ifupnjatim.ac.id/base_prop/upnvjt-444.pdf'),
(447, 10, 3, 'Keterkaitan pemindahan ibukota dengan sistem smart city yang akan diterapkan', 0, '2019-11-19 05:35:10', 3, 'https://belmawa.ifupnjatim.ac.id/base_prop/upnvjt-447.pdf'),
(448, 12, 3, 'a', 10000, '2019-11-19 06:36:31', 3, ''),
(449, 12, 3, 'a', 10000, '2019-11-19 06:37:40', 3, ''),
(450, 12, 3, 'a', 10000, '2019-11-19 06:37:41', 3, ''),
(453, 9, 3, 'PERILAKU PENGGUNA E-LEARNING PADA PENDIDIKAN TINGGI (STUDI KASUS UPN \"VETERAN\" JAWA TIMUR', 11508000, '2019-11-19 07:59:26', 3, 'https://belmawa.ifupnjatim.ac.id/base_prop/upnvjt-453.pdf'),
(456, 11, 3, 'PESONA RAGAM DIALEK JAWA TIMUR', 3895000, '2019-11-19 13:19:59', 3, 'https://belmawa.ifupnjatim.ac.id/base_prop/upnvjt-456.pdf'),
(458, 1, 3, 'Pengelolahan Keripik Lidah Buaya (KIYA)', 10932000, '2019-11-19 13:31:14', 3, 'https://belmawa.ifupnjatim.ac.id/base_prop/upnvjt-458.pdf'),
(461, 8, 3, 'KETUK KANG! Aplikasi Marketplace Produk Tukang Berbasis Mobile Native Sebagai Platform Perniagaan Mebel\r\n', 11149000, '2019-11-19 15:07:09', 3, 'https://belmawa.ifupnjatim.ac.id/base_prop/upnvjt-461.pdf'),
(465, 8, 3, 'APLIKASI PERPUSTAKAAN DIGITAL (APERKATA)', 8500000, '2019-11-19 15:59:39', 3, 'https://belmawa.ifupnjatim.ac.id/base_prop/upnvjt-465.pdf'),
(467, 1, 3, 'Pengolahan Buah Pinus Menjadi SANGAR (Sabun Cuci Tangan Arang aktif)', 5518000, '2019-11-19 17:34:09', 3, 'https://belmawa.ifupnjatim.ac.id/base_prop/upnvjt-467.pdf'),
(468, 8, 3, 'AZAP (Alzheimer\'s Application)', 10205000, '2019-11-19 21:31:27', 3, 'https://belmawa.ifupnjatim.ac.id/base_prop/upnvjt-468.pdf'),
(469, 12, 3, 'INDIKATOR KESIAPAN GENERASI MUDA DALAM MENGAWAL KEUTUHAN NEGARA KESATUAN REPUBLIK INDONESIA (NKRI)', 0, '2019-11-19 22:22:23', 3, ''),
(470, 8, 3, 'RANCANGAN APLIKASI DETEKSI JENIS LOVEBIRD BERDASARKAN WARNA BERBASIS ANDROID', 8875000, '2019-11-20 02:31:40', 3, 'https://belmawa.ifupnjatim.ac.id/base_prop/upnvjt-470.pdf'),
(471, 10, 3, 'SEAI(Search Engine Artificial Intellegence) Anti Hoax:Solusi Tersebarnya Informasi Racun yang Hanya Menampilkan Informasi Yang Diinginkan ', 0, '2019-11-20 05:40:52', 3, 'https://belmawa.ifupnjatim.ac.id/base_prop/upnvjt-471.pdf'),
(472, 1, 3, 'Sandal Gunung Berbahan Ban Bekas', 12410000, '2019-11-20 10:48:55', 3, 'https://belmawa.ifupnjatim.ac.id/base_prop/upnvjt-472.pdf'),
(475, 1, 3, '\"COBU\" COKELAT BUAH', 12750000, '2019-11-20 11:02:23', 3, 'https://belmawa.ifupnjatim.ac.id/base_prop/upnvjt-475.pdf'),
(476, 8, 3, 'NFC - E TOLL (Alat Pembayaran Tol Otomatis Bersistem)', 8730000, '2019-11-20 11:02:31', 5, 'https://belmawa.ifupnjatim.ac.id/base_prop/upnvjt-476.pdf'),
(477, 8, 3, 'Bikinevents - Marketplace Kebutuhan Events', 12500000, '2019-11-20 11:02:41', 3, 'https://belmawa.ifupnjatim.ac.id/base_prop/upnvjt-477.pdf'),
(478, 8, 3, 'PROPOSAL PROGRAM KREATIFITAS MAHASISWA  \r\nAPLIKASI PENGATUR TAGIHAN BERBASIS ANDROID ', 11100000, '2019-11-20 11:05:29', 3, 'https://belmawa.ifupnjatim.ac.id/base_prop/upnvjt-478.pdf'),
(479, 1, 3, 'Menanggulangi Sampah dengan Menggunakan \r\nSistem Bank Sampah\r\n', 7015000, '2019-11-20 11:07:14', 3, 'https://belmawa.ifupnjatim.ac.id/base_prop/upnvjt-479.pdf'),
(481, 10, 3, 'SEAI(Search Engine Artificial Intellegence) Anti Hoax:Solusi Tersebarnya Informasi Racun yang Hanya Menampilkan Informasi Yang Diinginkan', 0, '2019-11-20 11:14:42', 3, 'https://belmawa.ifupnjatim.ac.id/base_prop/upnvjt-481.pdf'),
(482, 8, 3, 'APLIKASI PERMAINAN EDUKASI BERLALU LINTAS BERBASIS ANDROID', 7550000, '2019-11-20 11:15:30', 3, 'https://belmawa.ifupnjatim.ac.id/base_prop/upnvjt-482.pdf'),
(484, 1, 3, 'KOTAK SEPATU PINTAR : Inovasi Kotak Pengering Sekaligus Penyimpan Sepatu', 5100000, '2019-11-20 11:18:03', 3, 'https://belmawa.ifupnjatim.ac.id/base_prop/upnvjt-484.pdf'),
(485, 8, 3, 'PKM KC SOPIR PENGGANTi', 11680000, '2019-11-20 11:36:11', 3, 'https://belmawa.ifupnjatim.ac.id/base_prop/upnvjt-485.pdf'),
(489, 1, 3, 'ALAT PEMBUAT YOGHURT SEDERHANA', 2000000, '2019-11-20 11:44:54', 4, 'https://belmawa.ifupnjatim.ac.id/base_prop/upnvjt-489.pdf'),
(490, 1, 3, 'PEMANFAATAN DAUN AFRIKA SEBAGAI TEH KESEHATAN', 5778750, '2019-11-20 11:47:16', 4, 'https://belmawa.ifupnjatim.ac.id/base_prop/upnvjt-490.pdf'),
(494, 5, 3, 'AKSARA-SCAN : APLIKASI QR CODE SCANNER SEBAGAI MEDIA INFORMATIF MENGGUNAKAN TEKNOLOGI AUGMENTED REALITY', 12030000, '2019-11-20 12:08:16', 5, 'https://belmawa.ifupnjatim.ac.id/base_prop/upnvjt-494.pdf'),
(495, 10, 3, 'Operation System Lokal', 3000000, '2019-11-20 14:42:18', 3, 'https://belmawa.ifupnjatim.ac.id/base_prop/upnvjt-495.pdf'),
(496, 1, 3, 'KEPO (Kopi Ektrak Perasan Organik)', 9766500, '2019-11-20 15:01:43', 3, 'https://belmawa.ifupnjatim.ac.id/base_prop/upnvjt-496.pdf'),
(498, 1, 3, 'SEBEL (Sepatu Fleksibel)', 8500000, '2019-11-20 16:03:42', 4, ''),
(501, 8, 3, 'Sistem Absensi Menggunakan RFID', 5400000, '2019-11-20 17:14:50', 3, 'https://belmawa.ifupnjatim.ac.id/base_prop/upnvjt-501.pdf'),
(502, 8, 3, 'Aplikasi Loker', 12085000, '2019-11-20 17:15:50', 3, 'https://belmawa.ifupnjatim.ac.id/base_prop/upnvjt-502.pdf'),
(503, 1, 3, 'PEMANFAATAN KULIT JERUK MENJADI SPRAY SERBA GUNA NON KIMIA', 1697000, '2019-11-20 17:16:37', 3, 'https://belmawa.ifupnjatim.ac.id/base_prop/upnvjt-503.pdf'),
(505, 10, 3, 'APLIKASI PeBeHWE (Pengecekan Berita Hoax Berbasis Web)', 0, '2019-11-20 22:52:05', 3, 'https://belmawa.ifupnjatim.ac.id/base_prop/upnvjt-505.pdf'),
(507, 8, 3, 'Take Me', 6640000, '2019-11-21 06:28:19', 3, 'https://belmawa.ifupnjatim.ac.id/base_prop/upnvjt-507.pdf'),
(510, 8, 3, 'pemotong pohon cerdas ( pedas )', 10650000, '2019-12-04 11:43:32', 3, 'https://belmawa.ifupnjatim.ac.id/base_prop/upnvjt-510.pdf'),
(511, 8, 3, 'Sistem Monitoring Kadar Ammonia dengan Tanaman Semanggi Menggunakan Arduino', 12360000, '2019-12-04 12:03:04', 3, 'https://belmawa.ifupnjatim.ac.id/base_prop/upnvjt-511.pdf'),
(512, 8, 3, 'Kamera CCTV cerdas pendeteksi panas  Rokok menggunakan Raspberry Pi berbasis IOT', 5728000, '2019-12-05 19:48:05', 3, 'https://belmawa.ifupnjatim.ac.id/base_prop/upnvjt-512.pdf'),
(514, 10, 3, 'YourKey (Aplikasi android untuk membantu seseorang mencari jasa penggandaan kunci dengan hanya menggunakan smartphone dan akses internet)', 8000000, '2019-12-10 05:40:00', 3, 'https://belmawa.ifupnjatim.ac.id/base_prop/upnvjt-514.pdf'),
(515, 8, 3, 'Sistem Informasi Untuk Pelaku Usaha Mikro Kecil Menengah di Kabupaten Gresik', 9290000, '2019-12-10 12:00:54', 3, 'https://belmawa.ifupnjatim.ac.id/base_prop/upnvjt-515.pdf'),
(516, 8, 3, 'FlutterWorks : : Gim Edukasi Berbasis Android Untuk Pendidikan Pemrograman', 7445998, '2019-12-10 12:12:57', 3, 'https://belmawa.ifupnjatim.ac.id/base_prop/upnvjt-516.pdf'),
(517, 8, 3, 'Sistem Penyiraman Tanaman Bawang Merah Berbasis Internet Of Things', 9736000, '2019-12-10 12:46:54', 4, ''),
(518, 8, 3, 'Sistem Penyiraman Tanaman Bawang Merah Berbasis Internet Of Things', 9736000, '2019-12-10 12:47:03', 4, ''),
(519, 8, 3, 'Sistem Penyiraman Tanaman Bawang Merah Berbasis Internet Of Things', 9736000, '2019-12-10 12:48:31', 4, ''),
(520, 8, 3, 'Sistem Penyiraman Tanaman Bawang Merah Berbasis Internet Of Things', 9736000, '2019-12-10 12:48:42', 4, ''),
(521, 8, 3, 'Pendeteksi Pengemudi Mengantuk Menggunakan Deep Neural Network Pada Raspberry Pi', 12490000, '2019-12-10 13:33:28', 3, 'https://belmawa.ifupnjatim.ac.id/base_prop/upnvjt-521.pdf'),
(522, 8, 3, 'Sistem Penyiraman Tanaman Bawang Merah Berbasis Internet Of Things', 9760000, '2019-12-10 13:44:42', 3, ''),
(523, 8, 3, 'Sistem Penyiraman Tanaman Bawang Merah Berbasis Internet Of Things', 9760000, '2019-12-10 13:44:54', 3, ''),
(524, 8, 3, 'Sistem Penyiraman Tanaman Bawang Merah Berbasis Internet Of Things', 9760000, '2019-12-10 13:47:27', 3, ''),
(525, 8, 3, 'Sistem Penyiraman Tanaman Bawang Merah Berbasis Internet Of Things', 9736000, '2019-12-10 13:48:42', 4, 'https://belmawa.ifupnjatim.ac.id/base_prop/upnvjt-525.pdf'),
(526, 8, 3, 'Sistem Informasi Daerah Rawan Tanah Longsor di Kecamatan Bandung Menggunakan ArcGIS', 8080000, '2019-12-10 13:50:42', 3, 'https://belmawa.ifupnjatim.ac.id/base_prop/upnvjt-526.pdf'),
(527, 8, 3, 'LAMPION (Layanan Medik Primer Online)', 10010000, '2019-12-10 14:01:03', 3, 'https://belmawa.ifupnjatim.ac.id/base_prop/upnvjt-527.pdf'),
(528, 8, 3, 'Aplikasi Kategorisasi Belajar Audiovisual untuk Balita (AKBAR)', 10604000, '2019-12-10 14:29:06', 3, 'https://belmawa.ifupnjatim.ac.id/base_prop/upnvjt-528.pdf'),
(529, 8, 3, 'Sambang Desa sebagai Pusat Informasi dan Jual Beli Guna Meningkatkan Promosi dan Ekonomi Desa', 11870000, '2019-12-10 14:40:43', 3, 'https://belmawa.ifupnjatim.ac.id/base_prop/upnvjt-529.pdf'),
(530, 8, 3, 'Aplikasi Pemantau Kualitas Air Persawahan Berbasis Android', 12500000, '2019-12-10 19:55:19', 3, 'https://belmawa.ifupnjatim.ac.id/base_prop/upnvjt-530.pdf'),
(531, 8, 3, 'SISTEM PENDETEKSI KANDUNGAN FORMALIN DAN MUTU KESEGARAN PADA DAGING AYAM', 12000000, '2019-12-11 02:00:03', 3, 'https://belmawa.ifupnjatim.ac.id/base_prop/upnvjt-531.pdf'),
(532, 8, 3, 'Kartu Pintar Perpustakaan', 12300000, '2019-12-11 02:02:01', 3, 'https://belmawa.ifupnjatim.ac.id/base_prop/upnvjt-532.pdf'),
(533, 8, 3, 'Kartu Parkir Informatif Berteknologi Augmented Reality', 11289018, '2019-12-11 02:13:17', 3, 'https://belmawa.ifupnjatim.ac.id/base_prop/upnvjt-533.pdf'),
(534, 8, 3, 'Aplikasi Berbasis Android Pendeteksi Dampak Air Limbah dengan Menggunakan OpenCV', 6770000, '2019-12-11 03:46:04', 3, 'https://belmawa.ifupnjatim.ac.id/base_prop/upnvjt-534.pdf'),
(535, 8, 3, 'Aplikasi Sarana dan Prasarana Taman di Kota Surabaya Berbasis Android (SINABSID)', 9530000, '2019-12-11 03:52:31', 3, 'https://belmawa.ifupnjatim.ac.id/base_prop/upnvjt-535.pdf'),
(537, 9, 3, 'Analisa dan Deteksi Resiko Banjir Dengan Sensor Dalam Bendungan Menggunakan Logika Fuzzy', 10600000, '2019-12-11 08:42:13', 3, 'https://belmawa.ifupnjatim.ac.id/base_prop/upnvjt-537.pdf'),
(539, 8, 3, 'Aplikasi Peningkat Produktivitas Menggunakan Sistem Pengingat Waktu Kosong dan Sistem Rekomendasi Kegiatan', 9420000, '2019-12-11 11:33:34', 3, 'https://belmawa.ifupnjatim.ac.id/base_prop/upnvjt-539.pdf'),
(540, 8, 3, ': (SAPCON)Startup Aplikasi Android Parental Control', 12500000, '2019-12-12 04:14:58', 3, 'https://belmawa.ifupnjatim.ac.id/base_prop/upnvjt-540.pdf'),
(541, 8, 3, 'Aplikasi Web Pencari Jasa Event Organizer', 8590000, '2019-12-12 16:34:22', 3, 'https://belmawa.ifupnjatim.ac.id/base_prop/upnvjt-541.pdf'),
(544, 8, 3, 'Connector Cable with Bluetooth Switch', 10200000, '2019-12-13 13:22:03', 3, 'https://belmawa.ifupnjatim.ac.id/base_prop/upnvjt-544.pdf'),
(546, 8, 3, 'Aplikasi Mobile Android Pengkategorisasi Tanaman Tani', 9030000, '2019-12-13 17:13:22', 3, 'https://belmawa.ifupnjatim.ac.id/base_prop/upnvjt-546.pdf'),
(547, 8, 3, 'WISATAKITA', 6950000, '2019-12-14 04:23:40', 3, 'https://belmawa.ifupnjatim.ac.id/base_prop/upnvjt-547.pdf'),
(549, 8, 3, 'Aplikasi Pemetaan Digital Objek Wisata Kota Tarakan Menggunakan Leaflet', 12500000, '2019-12-14 17:45:02', 3, 'https://belmawa.ifupnjatim.ac.id/base_prop/upnvjt-549.pdf'),
(550, 8, 3, 'Aplikasi Pemetaan Kantor Pemerintahan Pada Kota Tarakan Berbasis Website', 12500000, '2019-12-14 17:46:13', 3, 'https://belmawa.ifupnjatim.ac.id/base_prop/upnvjt-550.pdf'),
(555, 8, 3, 'PUMANG (Pemindai Usia Pada Bibit \r\nMangrove)', 12000000, '2019-12-16 02:37:10', 3, 'https://belmawa.ifupnjatim.ac.id/base_prop/upnvjt-555.pdf'),
(556, 8, 3, 'MOBA', 5000000, '2019-12-16 02:44:40', 3, ''),
(557, 8, 3, 'TERGUGAH \"Tempat Cari Guru Cepat dan Mudah\"', 11200000, '2019-12-16 03:25:08', 3, 'https://belmawa.ifupnjatim.ac.id/base_prop/upnvjt-557.pdf'),
(558, 1, 3, 'KARANG CANTIK : Inovasi Canting Dan Motif Batik Hasil Pemanfaatan Limbah Cangkang Kerang Bernilai Jual Tinggi', 11230000, '2019-12-16 06:28:27', 5, 'https://belmawa.ifupnjatim.ac.id/base_prop/upnvjt-558.pdf'),
(561, 1, 3, 'Totebag Ramah LIngkungan', 12050000, '2019-12-16 07:03:16', 5, 'https://belmawa.ifupnjatim.ac.id/base_prop/upnvjt-561.pdf'),
(562, 4, 3, 'Pemberdayaan Karang Taruna RT 01 RW 03 Kelurahan Wonokromo Melalui Aplikasi SIGAR', 8340000, '2019-12-16 08:33:49', 5, 'https://belmawa.ifupnjatim.ac.id/base_prop/upnvjt-562.pdf'),
(566, 1, 3, 'Aksesoris Resin Aksara Jawa', 7468000, '2019-12-16 09:02:15', 3, 'https://belmawa.ifupnjatim.ac.id/base_prop/upnvjt-566.pdf'),
(568, 1, 3, 'INI SI ES MUBAL (INOVASI ESKRIM JAMU HERBAL)\r\nSOLUSI KEKINIAN MENIKMATI JAMU\r\n', 9290000, '2019-12-16 10:48:49', 4, 'https://belmawa.ifupnjatim.ac.id/base_prop/upnvjt-568.pdf'),
(569, 8, 3, 'CASE HP RAMAH LINGKUNGAN', 5955000, '2019-12-16 11:49:26', 3, 'https://belmawa.ifupnjatim.ac.id/base_prop/upnvjt-569.pdf'),
(570, 1, 3, 'PEMANFAATAN KABEL BEKAS UNTUK PEMBUATAN KARYA SENI', 5440000, '2019-12-16 12:02:30', 4, 'https://belmawa.ifupnjatim.ac.id/base_prop/upnvjt-570.pdf'),
(574, 1, 3, 'Taratik (Tas Rajut Plastik)', 7285000, '2019-12-16 13:53:08', 3, 'https://belmawa.ifupnjatim.ac.id/base_prop/upnvjt-574.pdf'),
(575, 1, 3, 'TEMAN (Tebu Mainan)', 1050000, '2019-12-16 14:46:28', 3, ''),
(576, 8, 3, 'SIMIN, SISTEM ABSENSI MAHASISWA TEKNOLOGI NFC', 12003000, '2019-12-16 15:24:05', 3, 'https://belmawa.ifupnjatim.ac.id/base_prop/upnvjt-576.pdf'),
(577, 1, 3, 'INSHOLE SEPATU BERAROMA KULIT JERUK PENGHILANG BAU KAKI', 8175000, '2019-12-16 20:51:15', 3, 'https://belmawa.ifupnjatim.ac.id/base_prop/upnvjt-577.pdf'),
(578, 1, 3, 'Kerajinan karya Seni Lukis Abstrak Media Daun Kering Menggunakan Aplikasi Adobe Photoshop', 5094000, '2019-12-17 02:17:56', 3, 'https://belmawa.ifupnjatim.ac.id/base_prop/upnvjt-578.pdf'),
(579, 8, 3, 'Estimasi Jarak Bus By Aplikasi Mobile ', 10860000, '2019-12-17 02:41:58', 3, 'https://belmawa.ifupnjatim.ac.id/base_prop/upnvjt-579.pdf'),
(581, 8, 3, 'Aplikasi pembelajaran rumus - rumus matematika untuk SMP Berbasis Web Menggunakan Framework Codeigniter', 10000000, '2019-12-17 08:06:51', 3, 'https://belmawa.ifupnjatim.ac.id/base_prop/upnvjt-581.pdf'),
(582, 8, 3, 'SudahBersih.id : Penyedia Layanan Jasa Antar Jemput Cuci Kendaraan dalam Satu Genggaman', 11725000, '2019-12-17 09:42:43', 3, 'https://belmawa.ifupnjatim.ac.id/base_prop/upnvjt-582.pdf'),
(583, 12, 3, 'PROPOSAL PROGRAM KREATIVITAS MAHASISWA TEMU.IN (APLIKASI HILANG TEMU BARANG BERBASIS WEB)', 11300000, '2019-12-17 09:43:12', 3, 'https://belmawa.ifupnjatim.ac.id/base_prop/upnvjt-583.pdf'),
(584, 12, 3, 'APLIKASI GIM LIFE ON DESA SEBAGAI MEDIA PROMOSI\r\nDESA WISATA PUJON KIDUL', 0, '2019-12-17 10:31:32', 3, 'https://belmawa.ifupnjatim.ac.id/base_prop/upnvjt-584.pdf'),
(585, 8, 3, 'MINI GENERATOR MACHINE', 10245000, '2019-12-17 10:38:58', 3, 'https://belmawa.ifupnjatim.ac.id/base_prop/upnvjt-585.pdf'),
(586, 8, 3, 'pembuatan sistem aplikasi kasir', 11250000, '2019-12-17 15:58:33', 3, 'https://belmawa.ifupnjatim.ac.id/base_prop/upnvjt-586.pdf'),
(587, 8, 3, 'Sistem Peminjaman dan Keamanan Buku pada Perpustakaan Menggunakan RFID di UPN VETERAN JATIM', 9950000, '2019-12-19 18:02:48', 3, 'https://belmawa.ifupnjatim.ac.id/base_prop/upnvjt-587.pdf'),
(588, 8, 3, 'INSTRUMENTASI Gastroskopi Android', 10500000, '2019-12-29 12:06:50', 3, 'https://belmawa.ifupnjatim.ac.id/base_prop/upnvjt-588.pdf'),
(589, 8, 3, 'Sistem Absensi Menggunakan RFID', 5400000, '2019-12-29 14:20:38', 3, 'https://belmawa.ifupnjatim.ac.id/base_prop/upnvjt-589.pdf');

--
-- Indexes for dumped tables
--

--
-- Indexes for table `dosen`
--
ALTER TABLE `dosen`
  ADD PRIMARY KEY (`NPT`),
  ADD KEY `FK_MEMPUNYAI1` (`KD_PROGDI`);

--
-- Indexes for table `fakultas`
--
ALTER TABLE `fakultas`
  ADD PRIMARY KEY (`KD_FAK`);

--
-- Indexes for table `m_hibah`
--
ALTER TABLE `m_hibah`
  ADD PRIMARY KEY (`hibah_id`);

--
-- Indexes for table `m_kategori`
--
ALTER TABLE `m_kategori`
  ADD PRIMARY KEY (`kat_id`),
  ADD KEY `hibah_id` (`hibah_id`);

--
-- Indexes for table `m_login`
--
ALTER TABLE `m_login`
  ADD PRIMARY KEY (`login_id`);

--
-- Indexes for table `m_mhs`
--
ALTER TABLE `m_mhs`
  ADD KEY `KD_PROGDI` (`KD_PROGDI`),
  ADD KEY `NPM` (`NPM`);

--
-- Indexes for table `m_pembimbing`
--
ALTER TABLE `m_pembimbing`
  ADD KEY `bim_id` (`bim_npt`),
  ADD KEY `bim_trx` (`bim_trx`) USING BTREE;

--
-- Indexes for table `m_pengusul`
--
ALTER TABLE `m_pengusul`
  ADD PRIMARY KEY (`usul_id`),
  ADD KEY `p1_id` (`usul_npm`),
  ADD KEY `trx_id` (`usul_trx`);

--
-- Indexes for table `m_reviewer`
--
ALTER TABLE `m_reviewer`
  ADD PRIMARY KEY (`rev_id`),
  ADD KEY `rev1_trx` (`rev_trx`);

--
-- Indexes for table `m_tahun`
--
ALTER TABLE `m_tahun`
  ADD PRIMARY KEY (`tahun_id`);

--
-- Indexes for table `progdi`
--
ALTER TABLE `progdi`
  ADD PRIMARY KEY (`KD_PROGDI`),
  ADD KEY `KD_FAK` (`KD_FAK`);

--
-- Indexes for table `trx_pengajuan`
--
ALTER TABLE `trx_pengajuan`
  ADD PRIMARY KEY (`trx_id`),
  ADD KEY `kat_id` (`kat_id`),
  ADD KEY `tahun_id` (`tahun_id`);

--
-- AUTO_INCREMENT for dumped tables
--

--
-- AUTO_INCREMENT for table `m_hibah`
--
ALTER TABLE `m_hibah`
  MODIFY `hibah_id` int(11) NOT NULL AUTO_INCREMENT, AUTO_INCREMENT=6;

--
-- AUTO_INCREMENT for table `m_kategori`
--
ALTER TABLE `m_kategori`
  MODIFY `kat_id` int(11) NOT NULL AUTO_INCREMENT, AUTO_INCREMENT=13;

--
-- AUTO_INCREMENT for table `m_login`
--
ALTER TABLE `m_login`
  MODIFY `login_id` int(11) NOT NULL AUTO_INCREMENT, AUTO_INCREMENT=210;

--
-- AUTO_INCREMENT for table `m_pengusul`
--
ALTER TABLE `m_pengusul`
  MODIFY `usul_id` int(11) NOT NULL AUTO_INCREMENT, AUTO_INCREMENT=1678;

--
-- AUTO_INCREMENT for table `m_reviewer`
--
ALTER TABLE `m_reviewer`
  MODIFY `rev_id` int(11) NOT NULL AUTO_INCREMENT, AUTO_INCREMENT=7;

--
-- AUTO_INCREMENT for table `m_tahun`
--
ALTER TABLE `m_tahun`
  MODIFY `tahun_id` int(11) NOT NULL AUTO_INCREMENT, AUTO_INCREMENT=4;

--
-- AUTO_INCREMENT for table `trx_pengajuan`
--
ALTER TABLE `trx_pengajuan`
  MODIFY `trx_id` int(11) NOT NULL AUTO_INCREMENT, AUTO_INCREMENT=590;

--
-- Constraints for dumped tables
--

--
-- Constraints for table `m_kategori`
--
ALTER TABLE `m_kategori`
  ADD CONSTRAINT `m_kategori_ibfk_1` FOREIGN KEY (`hibah_id`) REFERENCES `m_hibah` (`hibah_id`);

--
-- Constraints for table `m_pembimbing`
--
ALTER TABLE `m_pembimbing`
  ADD CONSTRAINT `m_pembimbing_ibfk_1` FOREIGN KEY (`bim_trx`) REFERENCES `trx_pengajuan` (`trx_id`);

--
-- Constraints for table `m_pengusul`
--
ALTER TABLE `m_pengusul`
  ADD CONSTRAINT `m_pengusul_ibfk_1` FOREIGN KEY (`usul_trx`) REFERENCES `trx_pengajuan` (`trx_id`);

--
-- Constraints for table `trx_pengajuan`
--
ALTER TABLE `trx_pengajuan`
  ADD CONSTRAINT `trx_pengajuan_ibfk_1` FOREIGN KEY (`kat_id`) REFERENCES `m_kategori` (`kat_id`),
  ADD CONSTRAINT `trx_pengajuan_ibfk_2` FOREIGN KEY (`tahun_id`) REFERENCES `m_tahun` (`tahun_id`);
COMMIT;

/*!40101 SET CHARACTER_SET_CLIENT=@OLD_CHARACTER_SET_CLIENT */;
/*!40101 SET CHARACTER_SET_RESULTS=@OLD_CHARACTER_SET_RESULTS */;
/*!40101 SET COLLATION_CONNECTION=@OLD_COLLATION_CONNECTION */;
